experiment_id,model,method,baseline,trace_id,prompt_id,task,seed,L_bf16,L_static,L_method,recoverable_gap,no_gap_flag,recovery_unclipped,recovery_clipped_optional,tokens_generated,final_decode_position,notes
05_m11b_granite,Granite,m11b_top1,static_1pct,0,opencompass_AIME2025_I_0,AIME-2025,,0.0018152593644025217,0.0006273773848011199,0.0007367033216225671,-0.0011893337179100794,True,,,512,10000,perplexity_bf16=1.0018169079450654; perplexity_static=1.0006275742271553; perplexity_method=1.0007369747541657
05_m11b_granite,Granite,m11b_top10,static_1pct,0,opencompass_AIME2025_I_0,AIME-2025,,0.0018152593644025217,0.0006273773848011199,0.0008026155822562497,-0.0011893337179100794,True,,,512,10000,perplexity_bf16=1.0018169079450654; perplexity_static=1.0006275742271553; perplexity_method=1.000802937764333
05_m11b_granite,Granite,m11b_top5,static_1pct,0,opencompass_AIME2025_I_0,AIME-2025,,0.0018152593644025217,0.0006273773848011199,0.0008102262545932604,-0.0011893337179100794,True,,,512,10000,perplexity_bf16=1.0018169079450654; perplexity_static=1.0006275742271553; perplexity_method=1.0008105545765509
05_m11b_granite,Granite,static_top10,static_1pct,0,opencompass_AIME2025_I_0,AIME-2025,,0.0018152593644025217,0.0006273773848011199,0.001819146224052437,-0.0011893337179100794,True,,,512,10000,perplexity_bf16=1.0018169079450654; perplexity_static=1.0006275742271553; perplexity_method=1.001820801874349
05_m11b_granite,Granite,m11b_top1,static_1pct,1,opencompass_AIME2025_I_1,AIME-2025,,0.02558990120633098,0.053008247101388406,0.11142440975527279,0.02851820756108725,False,-2.2242246299316113,0.0,512,10000,perplexity_bf16=1.0259201335823174; perplexity_static=1.0544383411434046; perplexity_method=1.1178692408022768
05_m11b_granite,Granite,m11b_top10,static_1pct,1,opencompass_AIME2025_I_1,AIME-2025,,0.02558990120633098,0.053008247101388406,0.054663657283526845,0.02851820756108725,False,-0.0612581819027076,0.0,512,10000,perplexity_bf16=1.0259201335823174; perplexity_static=1.0544383411434046; perplexity_method=1.0561853146897209
05_m11b_granite,Granite,m11b_top5,static_1pct,1,opencompass_AIME2025_I_1,AIME-2025,,0.02558990120633098,0.053008247101388406,0.015289054608729202,0.02851820756108725,False,1.3686628418925668,1.0,512,10000,perplexity_bf16=1.0259201335823174; perplexity_static=1.0544383411434046; perplexity_method=1.0154065301371649
05_m11b_granite,Granite,static_top10,static_1pct,1,opencompass_AIME2025_I_1,AIME-2025,,0.02558990120633098,0.053008247101388406,0.9465080787194893,0.02851820756108725,False,-53.37845888236424,0.0,512,10000,perplexity_bf16=1.0259201335823174; perplexity_static=1.0544383411434046; perplexity_method=2.5766963108416294
05_m11b_granite,Granite,m11b_top1,static_1pct,2,opencompass_AIME2025_I_2,AIME-2025,,0.012802009405277204,0.054472745359817054,0.07950014654488768,0.04309938962615045,False,-0.6209373930015021,0.0,512,10000,perplexity_bf16=1.0128843059397086; perplexity_static=1.055983695565859; perplexity_method=1.0827457182002769
05_m11b_granite,Granite,m11b_top10,static_1pct,2,opencompass_AIME2025_I_2,AIME-2025,,0.012802009405277204,0.054472745359817054,0.04459655378741445,0.04309938962615045,False,0.2407868558365348,0.2407868558365348,512,10000,perplexity_bf16=1.0128843059397086; perplexity_static=1.055983695565859; perplexity_method=1.0456059290493045
05_m11b_granite,Granite,m11b_top5,static_1pct,2,opencompass_AIME2025_I_2,AIME-2025,,0.012802009405277204,0.054472745359817054,0.012768366772434092,0.04309938962615045,False,1.00079062654749,1.0,512,10000,perplexity_bf16=1.0128843059397086; perplexity_static=1.055983695565859; perplexity_method=1.0128502304180895
05_m11b_granite,Granite,static_top10,static_1pct,2,opencompass_AIME2025_I_2,AIME-2025,,0.012802009405277204,0.054472745359817054,0.07734136843646411,0.04309938962615045,False,-0.5667629228783271,0.0,512,10000,perplexity_bf16=1.0128843059397086; perplexity_static=1.055983695565859; perplexity_method=1.080410831604648
05_m11b_granite,Granite,m11b_top1,static_1pct,3,opencompass_AIME2025_I_3,AIME-2025,,0.00040124266054952784,0.0003411410087684752,0.0005069171349156854,-6.012396517340868e-05,True,,,512,10000,perplexity_bf16=1.0004013231691533; perplexity_static=1.00034119920398; perplexity_method=1.0005070456391192
05_m11b_granite,Granite,m11b_top10,static_1pct,3,opencompass_AIME2025_I_3,AIME-2025,,0.00040124266054952784,0.0003411410087684752,0.00105266998989606,-6.012396517340868e-05,True,,,512,10000,perplexity_bf16=1.0004013231691533; perplexity_static=1.00034119920398; perplexity_method=1.001053224241414
05_m11b_granite,Granite,m11b_top5,static_1pct,3,opencompass_AIME2025_I_3,AIME-2025,,0.00040124266054952784,0.0003411410087684752,0.0016604539222688786,-6.012396517340868e-05,True,,,512,10000,perplexity_bf16=1.0004013231691533; perplexity_static=1.00034119920398; perplexity_method=1.001661833239208
05_m11b_granite,Granite,static_top10,static_1pct,3,opencompass_AIME2025_I_3,AIME-2025,,0.00040124266054952784,0.0003411410087684752,0.0022835898482425065,-6.012396517340868e-05,True,,,512,10000,perplexity_bf16=1.0004013231691533; perplexity_static=1.00034119920398; perplexity_method=1.002286199225411
05_m11b_granite,Granite,m11b_top1,static_1pct,4,opencompass_AIME2025_I_4,AIME-2025,,0.03609823703300208,0.03684285231429385,0.3994013157207519,0.0007722731060850752,False,-587.1004270116848,0.0,512,10000,perplexity_bf16=1.0367576894878223; perplexity_static=1.0375299625939074; perplexity_method=1.4909318329460952
05_m11b_granite,Granite,m11b_top10,static_1pct,4,opencompass_AIME2025_I_4,AIME-2025,,0.03609823703300208,0.03684285231429385,0.04461688360970584,0.0007722731060850752,False,-10.484922484541741,0.0,512,10000,perplexity_bf16=1.0367576894878223; perplexity_static=1.0375299625939074; perplexity_method=1.0456271862481057
05_m11b_granite,Granite,m11b_top5,static_1pct,4,opencompass_AIME2025_I_4,AIME-2025,,0.03609823703300208,0.03684285231429385,0.038867058836331125,0.0007722731060850752,False,-2.722226022567281,0.0,512,10000,perplexity_bf16=1.0367576894878223; perplexity_static=1.0375299625939074; perplexity_method=1.039632264539821
05_m11b_granite,Granite,static_top10,static_1pct,4,opencompass_AIME2025_I_4,AIME-2025,,0.03609823703300208,0.03684285231429385,0.43205984064843506,0.0007722731060850752,False,-651.1910437055519,0.0,512,10000,perplexity_bf16=1.0367576894878223; perplexity_static=1.0375299625939074; perplexity_method=1.540427292571176
05_m11b_granite,Granite,m11b_top1,static_1pct,5,opencompass_AIME2025_I_5,AIME-2025,,4.493739586708401e-05,0.04951611763096586,0.00021661037876333222,0.05071758947543281,False,0.9966146767483571,0.9966146767483571,512,10000,perplexity_bf16=1.000044938405567; perplexity_static=1.0507625278809998; perplexity_method=1.0002166338404854
05_m11b_granite,Granite,m11b_top10,static_1pct,5,opencompass_AIME2025_I_5,AIME-2025,,4.493739586708401e-05,0.04951611763096586,3.5998959438857114e-05,0.05071758947543281,False,1.0001762465103397,1.0,512,10000,perplexity_bf16=1.000044938405567; perplexity_static=1.0507625278809998; perplexity_method=1.000035999607409
05_m11b_granite,Granite,m11b_top5,static_1pct,5,opencompass_AIME2025_I_5,AIME-2025,,4.493739586708401e-05,0.04951611763096586,2.6449748346188406e-05,0.05071758947543281,False,1.000364534427094,1.0,512,10000,perplexity_bf16=1.000044938405567; perplexity_static=1.0507625278809998; perplexity_method=1.000026450098144
05_m11b_granite,Granite,static_top10,static_1pct,5,opencompass_AIME2025_I_5,AIME-2025,,4.493739586708401e-05,0.04951611763096586,2.8265027363125195e-05,0.05071758947543281,False,1.000328741545419,1.0,512,10000,perplexity_bf16=1.000044938405567; perplexity_static=1.0507625278809998; perplexity_method=1.0000282654268229
05_m11b_granite,Granite,m11b_top1,static_1pct,6,opencompass_AIME2025_I_6,AIME-2025,,3.24848918841214e-05,1.4442438338146957e-05,3.6303000459481094e-05,-1.8042876893220594e-05,True,,,512,10000,perplexity_bf16=1.000032485419524; perplexity_static=1.0000144425426307; perplexity_method=1.0000363036594213
05_m11b_granite,Granite,m11b_top10,static_1pct,6,opencompass_AIME2025_I_6,AIME-2025,,3.24848918841214e-05,1.4442438338146957e-05,3.147055488086914e-05,-1.8042876893220594e-05,True,,,512,10000,perplexity_bf16=1.000032485419524; perplexity_static=1.0000144425426307; perplexity_method=1.000031471050084
05_m11b_granite,Granite,m11b_top5,static_1pct,6,opencompass_AIME2025_I_6,AIME-2025,,3.24848918841214e-05,1.4442438338146957e-05,1.920215917163015e-05,-1.8042876893220594e-05,True,,,512,10000,perplexity_bf16=1.000032485419524; perplexity_static=1.0000144425426307; perplexity_method=1.0000192023435344
05_m11b_granite,Granite,static_top10,static_1pct,6,opencompass_AIME2025_I_6,AIME-2025,,3.24848918841214e-05,1.4442438338146957e-05,2.3796004705853302e-05,-1.8042876893220594e-05,True,,,512,10000,perplexity_bf16=1.000032485419524; perplexity_static=1.0000144425426307; perplexity_method=1.0000237962878331
05_m11b_granite,Granite,m11b_top1,static_1pct,7,opencompass_AIME2025_I_7,AIME-2025,,0.0009341512697222942,0.011591499201476396,0.09113856108304952,0.010724353235221251,False,-7.810432446168553,0.0,512,10000,perplexity_bf16=1.000934587724914; perplexity_static=1.0116589409601353; perplexity_method=1.09542077743268
05_m11b_granite,Granite,m11b_top10,static_1pct,7,opencompass_AIME2025_I_7,AIME-2025,,0.0009341512697222942,0.011591499201476396,0.019272462401974444,0.010724353235221251,False,-0.7273570722179588,0.0,512,10000,perplexity_bf16=1.000934587724914; perplexity_static=1.0116589409601353; perplexity_method=1.019459375130737
05_m11b_granite,Granite,m11b_top5,static_1pct,7,opencompass_AIME2025_I_7,AIME-2025,,0.0009341512697222942,0.011591499201476396,0.035455645944187486,0.010724353235221251,False,-2.2782493959434995,0.0,512,10000,perplexity_bf16=1.000934587724914; perplexity_static=1.0116589409601353; perplexity_method=1.0360916922401628
05_m11b_granite,Granite,static_top10,static_1pct,7,opencompass_AIME2025_I_7,AIME-2025,,0.0009341512697222942,0.011591499201476396,0.015057208200130345,0.010724353235221251,False,-0.32749742861470765,0.0,512,10000,perplexity_bf16=1.000934587724914; perplexity_static=1.0116589409601353; perplexity_method=1.015171139068226
05_m11b_granite,Granite,m11b_top1,static_1pct,8,opencompass_AIME2025_I_8,AIME-2025,,0.0751182941668036,0.21070662349732472,0.20656747236297673,0.15653844809851214,False,0.03257620497158642,0.03257620497158642,512,10000,perplexity_bf16=1.0780116658341599; perplexity_static=1.234550113932672; perplexity_method=1.2294506853614808
05_m11b_granite,Granite,m11b_top10,static_1pct,8,opencompass_AIME2025_I_8,AIME-2025,,0.0751182941668036,0.21070662349732472,0.1797075155621144,0.15653844809851214,False,0.24072595270878616,0.24072595270878616,512,10000,perplexity_bf16=1.0780116658341599; perplexity_static=1.234550113932672; perplexity_method=1.1968672468786028
05_m11b_granite,Granite,m11b_top5,static_1pct,8,opencompass_AIME2025_I_8,AIME-2025,,0.0751182941668036,0.21070662349732472,0.19531906958601547,0.15653844809851214,False,0.12042598498579371,0.12042598498579371,512,10000,perplexity_bf16=1.0780116658341599; perplexity_static=1.234550113932672; perplexity_method=1.2156988171322611
05_m11b_granite,Granite,static_top10,static_1pct,8,opencompass_AIME2025_I_8,AIME-2025,,0.0751182941668036,0.21070662349732472,0.18189753496105054,0.15653844809851214,False,0.2239630755035379,0.2239630755035379,512,10000,perplexity_bf16=1.0780116658341599; perplexity_static=1.234550113932672; perplexity_method=1.1994912816619783
05_m11b_granite,Granite,m11b_top1,static_1pct,9,opencompass_AIME2025_I_9,AIME-2025,,0.00010308439202888486,0.0008578192632036075,0.0003103878180128472,0.0007550975899679457,False,0.7254046488249863,0.7254046488249863,512,10000,perplexity_bf16=1.0001030897054073; perplexity_static=1.0008581872953752; perplexity_method=1.000310435993296
05_m11b_granite,Granite,m11b_top10,static_1pct,9,opencompass_AIME2025_I_9,AIME-2025,,0.00010308439202888486,0.0008578192632036075,0.00048437916094787314,0.0007550975899679457,False,0.49489073844630693,0.49489073844630693,512,10000,perplexity_bf16=1.0001030897054073; perplexity_static=1.0008581872953752; perplexity_method=1.000484496491477
05_m11b_granite,Granite,m11b_top5,static_1pct,9,opencompass_AIME2025_I_9,AIME-2025,,0.00010308439202888486,0.0008578192632036075,0.0003265108572931552,0.0007550975899679457,False,0.7040455891702454,0.7040455891702454,512,10000,perplexity_bf16=1.0001030897054073; perplexity_static=1.0008581872953752; perplexity_method=1.0003265641677652
05_m11b_granite,Granite,static_top10,static_1pct,9,opencompass_AIME2025_I_9,AIME-2025,,0.00010308439202888486,0.0008578192632036075,0.0004229611557815538,0.0007550975899679457,False,0.5762654850086053,0.5762654850086053,512,10000,perplexity_bf16=1.0001030897054073; perplexity_static=1.0008581872953752; perplexity_method=1.0004230506164635
05_m11b_granite,Granite,m11b_top1,static_1pct,10,opencompass_AIME2025_I_10,AIME-2025,,0.020703398236064152,0.14321868602370302,0.1294591014524327,0.13306293354753373,False,0.11851215171465768,0.11851215171465768,512,10000,perplexity_bf16=1.0209192002909848; perplexity_static=1.1539821338385186; perplexity_method=1.1382125592703358
05_m11b_granite,Granite,m11b_top10,static_1pct,10,opencompass_AIME2025_I_10,AIME-2025,,0.020703398236064152,0.14321868602370302,0.09884632984759874,0.13306293354753373,False,0.3764044722712442,0.3764044722712442,512,10000,perplexity_bf16=1.0209192002909848; perplexity_static=1.1539821338385186; perplexity_method=1.1038966505576955
05_m11b_granite,Granite,m11b_top5,static_1pct,10,opencompass_AIME2025_I_10,AIME-2025,,0.020703398236064152,0.14321868602370302,0.1205333717563924,0.13306293354753373,False,0.19452259307894781,0.19452259307894781,512,10000,perplexity_bf16=1.0209192002909848; perplexity_static=1.1539821338385186; perplexity_method=1.1280983869621606
05_m11b_granite,Granite,static_top10,static_1pct,10,opencompass_AIME2025_I_10,AIME-2025,,0.020703398236064152,0.14321868602370302,0.10955157994751767,0.13306293354753373,False,0.28711611579503327,0.28711611579503327,512,10000,perplexity_bf16=1.0209192002909848; perplexity_static=1.1539821338385186; perplexity_method=1.115777621202058
05_m11b_granite,Granite,m11b_top1,static_1pct,11,opencompass_AIME2025_I_11,AIME-2025,,0.0013811333269134751,0.000189867078984704,0.0010130693965242077,-0.0011922024259112263,True,,,512,10000,perplexity_bf16=1.0013820875307906; perplexity_static=1.0001898851048794; perplexity_method=1.0010135827246562
05_m11b_granite,Granite,m11b_top10,static_1pct,11,opencompass_AIME2025_I_11,AIME-2025,,0.0013811333269134751,0.000189867078984704,0.00041700434936575714,-0.0011922024259112263,True,,,512,10000,perplexity_bf16=1.0013820875307906; perplexity_static=1.0001898851048794; perplexity_method=1.0004170913077663
05_m11b_granite,Granite,m11b_top5,static_1pct,11,opencompass_AIME2025_I_11,AIME-2025,,0.0013811333269134751,0.000189867078984704,0.0005775301107231318,-0.0011922024259112263,True,,,512,10000,perplexity_bf16=1.0013820875307906; perplexity_static=1.0001898851048794; perplexity_method=1.000577696913347
05_m11b_granite,Granite,static_top10,static_1pct,11,opencompass_AIME2025_I_11,AIME-2025,,0.0013811333269134751,0.000189867078984704,0.0002521223530744243,-0.0011922024259112263,True,,,512,10000,perplexity_bf16=1.0013820875307906; perplexity_static=1.0001898851048794; perplexity_method=1.000252154138586
