model,trace_id,prompt_id,no_gap_flag,static_gap_final_label_do_not_route,recovery_static,recovery_m11b_top5,recovery_m11b_top10,oracle_best,oracle_recovery,early_drift_top1,early_drift_top5,early_drift_top10,early_churn_top1,early_churn_top5,early_churn_top10,top1_margin_1000,top5_margin_1000,top10_margin_1000
Granite,0,opencompass_AIME2025_I_0,True,-0.00118933371791,0,,,,,0.720429288565,0.819527673233,0.863165388781,0.640178362628,0.782791891116,0.834082685816,0.00585836226902,0.000539811105059,0.00028673377767
Granite,1,opencompass_AIME2025_I_1,False,0.0285182075611,0,1.36866284189,-0.0612581819027,m11b_top5,1.36866284189,0.738352748602,0.819550116058,0.862328241905,0.562072626133,0.684313989609,0.724026126245,0.00580954166762,0.000998376430254,0.000556571688879
Granite,2,opencompass_AIME2025_I_2,False,0.0430993896262,0,1.00079062655,0.240786855837,m11b_top5,1.00079062655,0.705000204588,0.785514204418,0.844671724999,0.646415129193,0.778362707072,0.824864723387,0.00460984306634,0.000765027889502,0.000212516692072
Granite,3,opencompass_AIME2025_I_3,True,-6.01239651734e-05,0,,,,,0.673481282457,0.794417797663,0.845800543674,0.702348915769,0.810280342454,0.854767014985,0.0051966387385,0.000823624422789,0.000103171647425
Granite,4,opencompass_AIME2025_I_4,False,0.000772273106085,0,-2.72222602257,-10.4849224845,static,0,0.722430612204,0.808855179999,0.852327314334,0.710850035999,0.812007496061,0.853807854671,0.00611062355813,0.000723290872706,4.57305511312e-05
Granite,5,opencompass_AIME2025_I_5,False,0.0507175894754,0,1.00036453443,1.00017624651,m11b_top5,1.00036453443,0.755229612831,0.817504954462,0.847542038306,0.704245192866,0.800877243903,0.847737215715,0.00616743320352,0.000688702847768,0.000648897800825
Granite,6,opencompass_AIME2025_I_6,True,-1.80428768932e-05,0,,,,,0.671226792352,0.810851069391,0.85604286439,0.652829077609,0.771641360786,0.817129289164,0.0054585207121,0.000594449646811,0.000488965230136
Granite,7,opencompass_AIME2025_I_7,False,0.0107243532352,0,-2.27824939594,-0.727357072218,static,0,0.761588671638,0.832391575449,0.868170272344,0.708945723505,0.811282850924,0.855612608393,0.0042127133973,0.000497743186593,0.000561485485604
Granite,8,opencompass_AIME2025_I_8,False,0.156538448099,0,0.120425984986,0.240725952709,m11b_top10,0.240725952709,0.674593188522,0.825782064881,0.868458131301,0.692822453278,0.810729044894,0.85672112821,0.00523591471232,0.00054303787082,0.000230635656821
Granite,9,opencompass_AIME2025_I_9,False,0.000755097589968,0,0.70404558917,0.494890738446,m11b_top5,0.70404558917,0.703500055041,0.812925586353,0.85483776764,0.715016456917,0.806904485682,0.851654875636,0.00619545272754,0.000466750089991,0.000367743534659
Granite,10,opencompass_AIME2025_I_10,False,0.133062933548,0,0.194522593079,0.376404472271,m11b_top10,0.376404472271,0.663108888998,0.815685045273,0.858264213807,0.710861900857,0.804195748982,0.850763674397,0.00452568473047,0.000397419983762,0.000719534587399
Granite,11,opencompass_AIME2025_I_11,True,-0.00119220242591,0,,,,,0.666585331922,0.794230872097,0.847057879925,0.620316116851,0.770844093221,0.822933743762,0.0052762273152,0.000660562220519,0.000175034289775
Nemotron,0,opencompass_AIME2025_I_0,False,0.000901031373242,0,0.691975598592,0.254439288178,m11b_top5,0.691975598592,0.529761293358,0.664098966609,0.71780860684,0.132136561081,0.191709792386,0.221756082852,0.00939650118677,0.00125632890337,0.000882023238625
Nemotron,1,opencompass_AIME2025_I_1,False,0.000386538180727,0,1.01858356114,1.26574135841,m11b_top10,1.26574135841,0.494316484835,0.568887625006,0.629556656515,0.117543718137,0.154950345476,0.180505693081,0.00936057724816,0.00134392200043,0.0011225140016
Nemotron,2,opencompass_AIME2025_I_2,False,11.5227346212,0,0.452539362636,0.757336046479,m11b_top10,0.757336046479,0.57552745568,0.690017373218,0.734012736667,0.153089796266,0.212737317142,0.244953829831,0.00809344370336,0.00162908666501,0.00088221638128
Nemotron,3,opencompass_AIME2025_I_3,True,-0.059691766004,0,,,,,0.477780357777,0.604321208415,0.658985055211,0.115950517748,0.167904407194,0.196147282077,0.00922039593639,0.00140217772411,0.000855729497525
Nemotron,4,opencompass_AIME2025_I_4,True,-2.79888388059e-05,0,,,,,0.810372981333,0.798007438515,0.821699825495,0.718447693535,0.739649093725,0.769865028923,0.00702511624906,0.00138910090115,0.000926621086542
Nemotron,5,opencompass_AIME2025_I_5,False,3.86482531673,0,0.897997893234,0.906335527566,m11b_top10,0.906335527566,0.806477009178,0.805731812753,0.834399936282,0.615391531889,0.630569167101,0.664114477882,0.00914292993041,0.00147842517677,0.000608460243226
Nemotron,6,opencompass_AIME2025_I_6,False,0.000907707221833,0,0.460933003905,-0.17291242212,m11b_top5,0.460933003905,0.57456688664,0.684208900101,0.727880066562,0.140585363488,0.189296240744,0.223412265551,0.00689424163046,0.00114535587185,0.000693409177409
Nemotron,7,opencompass_AIME2025_I_7,False,0.0130240908449,0,0.760080746031,0.872143551328,m11b_top10,0.872143551328,0.780722676533,0.750683813886,0.796732855407,0.752936259123,0.772479197945,0.800727622716,0.0085999657517,0.00123249859666,0.000929282500802
Nemotron,8,opencompass_AIME2025_I_8,False,2.51596429651,0,0.268896343802,0.89038984491,m11b_top10,0.89038984491,0.813498119607,0.788522221527,0.824639532797,0.16723804117,0.193723720961,0.219666195221,0.00891298036904,0.00176053028867,0.00105017921788
Nemotron,9,opencompass_AIME2025_I_9,False,0.00030332954505,0,-0.0254883323767,0.385808407078,m11b_top10,0.385808407078,0.816604333085,0.816261935013,0.830489168091,0.794681932007,0.780404147747,0.804264668886,0.00782297147573,0.00147804352532,0.00108673043566
Nemotron,10,opencompass_AIME2025_I_10,False,2.13396811348,0,0.422879240973,0.95471468485,m11b_top10,0.95471468485,0.810091320461,0.792279067165,0.818153961126,0.799092249036,0.775606314393,0.803646382673,0.0109663374479,0.00237633676037,0.000706898959761
Nemotron,11,opencompass_AIME2025_I_11,False,0.000611782328174,0,0.356105816479,0.0618676244513,m11b_top5,0.356105816479,0.480186210382,0.573980459314,0.635709267278,0.126062568386,0.172919426644,0.20302809285,0.00861874351499,0.00143553543652,0.000721091179761
DeepSeek,0,opencompass_AIME2025_I_0,False,0.00305272901434,0,-0.694241194323,-0.700773315381,static,0,0.796592720559,0.81568593698,0.768075157332,0.714336539699,0.782903447741,0.769028552195,0.0141051034683,0.00365955303243,0.00203373091586
DeepSeek,1,opencompass_AIME2025_I_1,True,-0.000647302105578,0,,,,,0.747540630522,0.787368880385,0.768678426874,0.749204416163,0.770782701795,0.750541236351,0.00896864800448,0.0039829832254,0.000765461967929
DeepSeek,2,opencompass_AIME2025_I_2,False,0.0161017894999,0,0.368648604373,0.509621050739,m11b_top10,0.509621050739,0.518965778207,0.63459956187,0.656259915018,0.118112772141,0.160612675569,0.168937228797,0.0228274184615,0.00303429318808,0.00197057175984
DeepSeek,3,opencompass_AIME2025_I_3,False,0.0743905784551,0,0.452536715701,0.436619624063,m11b_top5,0.452536715701,0.759473882455,0.765980132382,0.756657630369,0.758613995044,0.805979682174,0.794675409461,0.0127788320541,0.00242767934146,0.00260357220166
DeepSeek,4,opencompass_AIME2025_I_4,False,0.000326135087351,0,-1.25023436685,-1.59293119376,static,0,0.694216388626,0.810865284369,0.792575199222,0.682296613742,0.757913033646,0.760364374816,0.0220543823033,0.0022199193297,0.00121014047217
DeepSeek,5,opencompass_AIME2025_I_5,False,0.00209142367738,0,0.566069389875,0.720644164165,m11b_top10,0.720644164165,0.79623026601,0.824239078371,0.819482024925,0.781288776266,0.80476169944,0.793957671435,0.0128811370822,0.00279342268636,0.00184545837236
DeepSeek,6,opencompass_AIME2025_I_6,False,0.00132800242947,0,-1.07857614983,-0.409095029238,static,0,0.72870909169,0.835385347153,0.833905139386,0.75019244907,0.804650295369,0.792486290348,0.00936139451341,0.00338150340391,0.00146585098842
DeepSeek,7,opencompass_AIME2025_I_7,False,0.00428615719923,0,-0.0121438597736,0.493776839976,m11b_top10,0.493776839976,0.741030949727,0.82197108702,0.803221602052,0.686411670621,0.769774653785,0.76811176287,0.0153086862451,0.00260413096062,0.00116116176468
DeepSeek,8,opencompass_AIME2025_I_8,False,0.0965552414055,0,0.32121499705,0.335389440823,m11b_top10,0.335389440823,0.766167800454,0.818140543482,0.78038184196,0.726199188438,0.801856584042,0.793627890053,0.0160106344512,0.00327307490653,0.00203180754093
DeepSeek,9,opencompass_AIME2025_I_9,False,0.00563828394322,0,-0.435137274863,-0.194951580106,static,0,0.7986108495,0.819678695901,0.811945964837,0.777074645737,0.818302056595,0.803024668968,0.0100690820006,0.00205495621808,0.00116986490918
DeepSeek,10,opencompass_AIME2025_I_10,False,4.42563091976e-05,0,-1.56066901414,0.424602912425,m11b_top10,0.424602912425,0.526206915746,0.605407625497,0.635609875665,0.137648403327,0.160679632915,0.176536200796,0.0163598392272,0.00279530177911,0.00152166774966
DeepSeek,11,opencompass_AIME2025_I_11,False,0.00531161209562,0,-0.176899315259,-0.0923861313091,static,0,0.622189073866,0.816268832277,0.824791308352,0.751874700161,0.800276515515,0.792165455515,0.013304935129,0.0033989758186,0.00174727867919
Falcon-H1,0,opencompass_AIME2025_I_0,False,0.0262547414366,0,0.102904160615,0.453233070076,m11b_top10,0.453233070076,0.817722308222,0.840212505831,0.810183943528,0.764898849945,0.801425840443,0.805051878732,0.0117335944253,0.00437108283473,0.0025625934865
Falcon-H1,1,opencompass_AIME2025_I_1,False,0.209011254911,0,0.0267735929561,-0.142950656284,m11b_top5,0.0267735929561,0.747640035546,0.799321501128,0.817911819505,0.792392776907,0.8146226901,0.797729469601,0.0218754826107,0.00423645037487,0.0021120723134
Falcon-H1,2,opencompass_AIME2025_I_2,False,0.207850986114,0,0.0690722916082,0.0554671457796,m11b_top5,0.0690722916082,0.862724519632,0.825675407264,0.82085426468,0.786362116863,0.811274853244,0.799783572335,0.017911225592,0.00278709671928,0.00318019158499
Falcon-H1,3,opencompass_AIME2025_I_3,False,0.105687789994,0,0.0535121519501,-0.0648162135897,m11b_top5,0.0535121519501,0.775675572373,0.806420889809,0.792691917655,0.761120636255,0.816045039373,0.800136831001,0.016918992925,0.00470577935053,0.00295958638182
Falcon-H1,4,opencompass_AIME2025_I_4,False,0.0471342240931,0,0.100513393097,0.111431256702,m11b_top10,0.111431256702,0.758151062569,0.804839560606,0.804312907019,0.775057590721,0.804273359319,0.796581829828,0.0218487227439,0.00633327819586,0.00221741270415
Falcon-H1,5,opencompass_AIME2025_I_5,False,0.0844863169446,0,0.0743193097653,-0.14515055455,m11b_top5,0.0743193097653,0.679485410148,0.791270050873,0.811506155221,0.747605207342,0.812442274851,0.794285627519,0.0242882644392,0.00420213570862,0.00222479346409
Falcon-H1,6,opencompass_AIME2025_I_6,False,0.131456310129,0,0.0718842047343,0.241910539293,m11b_top10,0.241910539293,0.869681317946,0.835929681176,0.813348975667,0.820152440985,0.830124395497,0.803935463975,0.0167510724509,0.00464434576237,0.00277784189759
Falcon-H1,7,opencompass_AIME2025_I_7,False,0.0305078795521,0,-1.59304824167,0.382612061705,m11b_top10,0.382612061705,0.863996729296,0.843715335467,0.815020425212,0.835217579018,0.825407171699,0.806613132562,0.0215452609264,0.00526456287368,0.00252798447308
Falcon-H1,8,opencompass_AIME2025_I_8,False,0.0600689174695,0,-0.709039668318,-0.59861148622,static,0,0.702715906051,0.783760969887,0.791298580279,0.757578707746,0.791951726063,0.789270300514,0.0126425152122,0.00559705902394,0.00263003547042
Falcon-H1,9,opencompass_AIME2025_I_9,False,0.196809148208,0,-0.179840931954,-0.238081249522,static,0,0.808073185415,0.822032684197,0.803947015574,0.771739192753,0.816229674136,0.80999611989,0.0204848781695,0.00438695342664,0.00258846353538
Falcon-H1,10,opencompass_AIME2025_I_10,False,0.201525041112,0,0.115329267437,0.164884692972,m11b_top10,0.164884692972,0.785164402018,0.795726936134,0.791993033231,0.794871377184,0.810032493375,0.803663145992,0.0200006613551,0.00354726030745,0.00260796707482
Falcon-H1,11,opencompass_AIME2025_I_11,False,0.122822392052,0,0.143625668701,0.0324123146028,m11b_top5,0.143625668701,0.673714856313,0.803654722156,0.800108522929,0.824975767118,0.815578524193,0.798825409958,0.025034954785,0.0049466367468,0.00291843455905
