method_id,paper,split,status,source_path,matched_condition,matched_accuracy,best_baseline_condition,best_baseline_accuracy,delta_vs_best_baseline,ci95_low_vs_best_baseline,ci95_high_vs_best_baseline,paired_n,regime,n,median_recovery,cvar25_recovery,worst_recovery,no_gap_rows,total_rows,note
latentwire_cached_fixed_packet_baseline,latentwire,dev,AMBIGUOUS,results/source_private_arc_challenge_fixed_packet_gate_20260501_bge_validation/predictions.jsonl,matched_source_private_packet,0.24444444444444444,target_only,0.24444444444444444,0.0,-0.08333333333333333,0.08888888888888889,180,,,,,,,,baseline context only; not a candidate-method promotion
latentwire_cached_fixed_packet_baseline,latentwire,gate,CPU_SCREENED,results/source_private_arc_challenge_fixed_packet_gate_20260501_bge_validation/predictions.jsonl,matched_source_private_packet,0.3582089552238806,shuffled_source_packet,0.31343283582089554,0.04477611940298507,-0.11940298507462686,0.208955223880597,67,,,,,,,,baseline context only; not a candidate-method promotion
latentwire_cached_fixed_packet_baseline,latentwire,dev,AMBIGUOUS,results/source_private_arc_challenge_fixed_packet_gate_20260501_hashed_validation/predictions.jsonl,matched_source_private_packet,0.2598870056497175,shuffled_source_packet,0.2598870056497175,0.0,-0.07909604519774012,0.07909604519774012,177,,,,,,,,baseline context only; not a candidate-method promotion
latentwire_cached_fixed_packet_baseline,latentwire,gate,CPU_SCREENED,results/source_private_arc_challenge_fixed_packet_gate_20260501_hashed_validation/predictions.jsonl,matched_source_private_packet,0.3137254901960784,target_only,0.3333333333333333,-0.0196078431372549,-0.19607843137254902,0.13725490196078433,51,,,,,,,,baseline context only; not a candidate-method promotion
latentwire_cached_fixed_packet_baseline,latentwire,dev,AMBIGUOUS,results/source_private_arc_challenge_fixed_packet_gate_20260501_qwen05_bge_test/predictions.jsonl,matched_source_private_packet,0.32711621233859395,target_only,0.2783357245337159,0.04878048780487805,0.00430416068866571,0.10043041606886657,697,,,,,,,,baseline context only; not a candidate-method promotion
latentwire_cached_fixed_packet_baseline,latentwire,gate,CPU_SCREENED,results/source_private_arc_challenge_fixed_packet_gate_20260501_qwen05_bge_test/predictions.jsonl,matched_source_private_packet,0.36220472440944884,shuffled_source_packet,0.24803149606299213,0.1141732283464567,0.03543307086614173,0.1889763779527559,254,,,,,,,,baseline context only; not a candidate-method promotion
latentwire_cached_fixed_packet_baseline,latentwire,dev,AMBIGUOUS,results/source_private_arc_challenge_fixed_packet_gate_20260501_qwen05_bge_validation/predictions.jsonl,matched_source_private_packet,0.3505747126436782,shuffled_source_packet,0.27586206896551724,0.07471264367816093,-0.017241379310344827,0.1781609195402299,174,,,,,,,,baseline context only; not a candidate-method promotion
latentwire_cached_fixed_packet_baseline,latentwire,gate,CPU_SCREENED,results/source_private_arc_challenge_fixed_packet_gate_20260501_qwen05_bge_validation/predictions.jsonl,matched_source_private_packet,0.463768115942029,random_same_byte_packet,0.3333333333333333,0.13043478260869565,-0.043478260869565216,0.30434782608695654,69,,,,,,,,baseline context only; not a candidate-method promotion
latentwire_cached_fixed_packet_baseline,latentwire,dev,AMBIGUOUS,results/source_private_arc_challenge_fixed_packet_gate_20260501_qwen05_hashed_test/predictions.jsonl,matched_source_private_packet,0.3314203730272597,target_only,0.2611190817790531,0.0703012912482066,0.02582496413199426,0.11477761836441894,697,,,,,,,,baseline context only; not a candidate-method promotion
latentwire_cached_fixed_packet_baseline,latentwire,gate,CPU_SCREENED,results/source_private_arc_challenge_fixed_packet_gate_20260501_qwen05_hashed_test/predictions.jsonl,matched_source_private_packet,0.31223628691983124,target_only,0.2869198312236287,0.02531645569620253,-0.06751054852320675,0.10970464135021098,237,,,,,,,,baseline context only; not a candidate-method promotion
latentwire_cached_fixed_packet_baseline,latentwire,dev,AMBIGUOUS,results/source_private_arc_challenge_fixed_packet_gate_20260501_qwen05_hashed_validation/predictions.jsonl,matched_source_private_packet,0.3493975903614458,shuffled_source_packet,0.26506024096385544,0.08433734939759036,-0.006024096385542169,0.18674698795180722,166,,,,,,,,baseline context only; not a candidate-method promotion
latentwire_cached_fixed_packet_baseline,latentwire,gate,CPU_SCREENED,results/source_private_arc_challenge_fixed_packet_gate_20260501_qwen05_hashed_validation/predictions.jsonl,matched_source_private_packet,0.47761194029850745,target_only,0.26865671641791045,0.208955223880597,0.05970149253731343,0.34328358208955223,67,,,,,,,,baseline context only; not a candidate-method promotion
latentwire_cached_fixed_packet_baseline,latentwire,dev,AMBIGUOUS,results/source_private_hellaswag_fixed_packet_gate_20260501_qwen05_hashed_validation1024_2b/predictions.jsonl,matched_source_private_packet,0.44093178036605657,random_same_byte_packet,0.2579034941763727,0.18302828618968386,0.1314475873544093,0.23793677204658903,601,,,,,,,,baseline context only; not a candidate-method promotion
latentwire_cached_fixed_packet_baseline,latentwire,gate,CPU_SCREENED,results/source_private_hellaswag_fixed_packet_gate_20260501_qwen05_hashed_validation1024_2b/predictions.jsonl,matched_source_private_packet,0.4852941176470588,shuffled_source_packet,0.2647058823529412,0.22058823529411764,0.13725490196078433,0.31862745098039214,204,,,,,,,,baseline context only; not a candidate-method promotion
latentwire_cached_fixed_packet_baseline,latentwire,dev,AMBIGUOUS,results/source_private_hellaswag_fixed_packet_gate_20260501_qwen05_hashed_validation512_12b/predictions.jsonl,matched_source_private_packet,0.5066666666666667,random_same_byte_packet,0.2966666666666667,0.21,0.12333333333333334,0.2833333333333333,300,,,,,,,,baseline context only; not a candidate-method promotion
latentwire_cached_fixed_packet_baseline,latentwire,gate,CPU_SCREENED,results/source_private_hellaswag_fixed_packet_gate_20260501_qwen05_hashed_validation512_12b/predictions.jsonl,matched_source_private_packet,0.48672566371681414,shuffled_source_packet,0.24778761061946902,0.23893805309734514,0.12389380530973451,0.36283185840707965,113,,,,,,,,baseline context only; not a candidate-method promotion
latentwire_cached_fixed_packet_baseline,latentwire,dev,AMBIGUOUS,results/source_private_openbookqa_fixed_packet_gate_20260501_qwen05_hashed_test_4b/predictions.jsonl,matched_source_private_packet,0.3561643835616438,target_only,0.2705479452054795,0.08561643835616438,0.017123287671232876,0.1541095890410959,292,,,,,,,,baseline context only; not a candidate-method promotion
latentwire_cached_fixed_packet_baseline,latentwire,gate,CPU_SCREENED,results/source_private_openbookqa_fixed_packet_gate_20260501_qwen05_hashed_test_4b/predictions.jsonl,matched_source_private_packet,0.40350877192982454,target_only,0.2894736842105263,0.11403508771929824,0.0,0.23684210526315788,114,,,,,,,,baseline context only; not a candidate-method promotion
latentwire_cached_fixed_packet_baseline,latentwire,dev,AMBIGUOUS,results/source_private_openbookqa_fixed_packet_gate_20260501_qwen05_hashed_validation/predictions.jsonl,matched_source_private_packet,0.36212624584717606,target_only,0.2724252491694352,0.08970099667774087,0.006644518272425249,0.16611295681063123,301,,,,,,,,baseline context only; not a candidate-method promotion
latentwire_cached_fixed_packet_baseline,latentwire,gate,CPU_SCREENED,results/source_private_openbookqa_fixed_packet_gate_20260501_qwen05_hashed_validation/predictions.jsonl,matched_source_private_packet,0.31313131313131315,random_same_byte_packet,0.30303030303030304,0.010101010101010102,-0.1111111111111111,0.13131313131313133,99,,,,,,,,baseline context only; not a candidate-method promotion
L_SCORECOMP_wz_bins_deployable,latentwire,dev,AMBIGUOUS,results/source_private_wyner_ziv_cross_family_gate_20260429/core_to_holdout/predictions_budget2.jsonl,matched_learned_syndrome,0.22935779816513763,scalar_label_shuffled_ridge,0.636085626911315,-0.40672782874617736,-0.47706422018348627,-0.3363914373088685,327,,,,,,,,dev/gate row-filtered cache screen; no Mac PASSED status
L_SCORECOMP_wz_bins_deployable,latentwire,gate,KILLED,results/source_private_wyner_ziv_cross_family_gate_20260429/core_to_holdout/predictions_budget2.jsonl,matched_learned_syndrome,0.21,scalar_label_shuffled_ridge,0.61,-0.4,-0.54,-0.27,100,,,,,,,,dev/gate row-filtered cache screen; no Mac PASSED status
L_SCORECOMP_wz_bins_deployable,latentwire,dev,AMBIGUOUS,results/source_private_wyner_ziv_cross_family_gate_20260429/core_to_holdout/predictions_budget4.jsonl,matched_learned_syndrome,0.2195945945945946,qjl_constrained_shuffled_source,0.5709459459459459,-0.35135135135135137,-0.40540540540540543,-0.30405405405405406,296,,,,,,,,dev/gate row-filtered cache screen; no Mac PASSED status
L_SCORECOMP_wz_bins_deployable,latentwire,gate,KILLED,results/source_private_wyner_ziv_cross_family_gate_20260429/core_to_holdout/predictions_budget4.jsonl,matched_learned_syndrome,0.2636363636363636,qjl_constrained_shuffled_source,0.5727272727272728,-0.3090909090909091,-0.4,-0.21818181818181817,110,,,,,,,,dev/gate row-filtered cache screen; no Mac PASSED status
L_SCORECOMP_wz_bins_deployable,latentwire,dev,AMBIGUOUS,results/source_private_wyner_ziv_cross_family_gate_20260429/core_to_holdout/predictions_budget6.jsonl,matched_learned_syndrome,0.250814332247557,qjl_constrained_shuffled_source,0.6091205211726385,-0.3583061889250814,-0.41042345276872966,-0.30293159609120524,307,,,,,,,,dev/gate row-filtered cache screen; no Mac PASSED status
L_SCORECOMP_wz_bins_deployable,latentwire,gate,KILLED,results/source_private_wyner_ziv_cross_family_gate_20260429/core_to_holdout/predictions_budget6.jsonl,matched_learned_syndrome,0.21621621621621623,qjl_constrained_shuffled_source,0.6396396396396397,-0.42342342342342343,-0.5225225225225225,-0.32432432432432434,111,,,,,,,,dev/gate row-filtered cache screen; no Mac PASSED status
L_SCORECOMP_wz_bins_deployable,latentwire,dev,AMBIGUOUS,results/source_private_wyner_ziv_cross_family_gate_20260429/holdout_to_core/predictions_budget2.jsonl,matched_learned_syndrome,0.12080536912751678,relative_canonical_score_source,0.37919463087248323,-0.25838926174496646,-0.3087248322147651,-0.21140939597315436,298,,,,,,,,dev/gate row-filtered cache screen; no Mac PASSED status
L_SCORECOMP_wz_bins_deployable,latentwire,gate,KILLED,results/source_private_wyner_ziv_cross_family_gate_20260429/holdout_to_core/predictions_budget2.jsonl,matched_learned_syndrome,0.125,qjl_constrained_shuffled_source,0.4375,-0.3125,-0.45535714285714285,-0.1875,112,,,,,,,,dev/gate row-filtered cache screen; no Mac PASSED status
L_SCORECOMP_wz_bins_deployable,latentwire,dev,AMBIGUOUS,results/source_private_wyner_ziv_cross_family_gate_20260429/holdout_to_core/predictions_budget4.jsonl,matched_learned_syndrome,0.1456953642384106,relative_canonical_score_source,0.5033112582781457,-0.3576158940397351,-0.4139072847682119,-0.3079470198675497,302,,,,,,,,dev/gate row-filtered cache screen; no Mac PASSED status
L_SCORECOMP_wz_bins_deployable,latentwire,gate,KILLED,results/source_private_wyner_ziv_cross_family_gate_20260429/holdout_to_core/predictions_budget4.jsonl,matched_learned_syndrome,0.14678899082568808,relative_canonical_score_source,0.5504587155963303,-0.4036697247706422,-0.4954128440366973,-0.3211009174311927,109,,,,,,,,dev/gate row-filtered cache screen; no Mac PASSED status
L_SCORECOMP_wz_bins_deployable,latentwire,dev,AMBIGUOUS,results/source_private_wyner_ziv_cross_family_gate_20260429/holdout_to_core/predictions_budget6.jsonl,matched_learned_syndrome,0.16722408026755853,scalar_quantized_source,0.6287625418060201,-0.46153846153846156,-0.5217391304347826,-0.4080267558528428,299,,,,,,,,dev/gate row-filtered cache screen; no Mac PASSED status
L_SCORECOMP_wz_bins_deployable,latentwire,gate,KILLED,results/source_private_wyner_ziv_cross_family_gate_20260429/holdout_to_core/predictions_budget6.jsonl,matched_learned_syndrome,0.1941747572815534,scalar_quantized_source,0.5825242718446602,-0.3883495145631068,-0.47572815533980584,-0.30097087378640774,103,,,,,,,,dev/gate row-filtered cache screen; no Mac PASSED status
L_SCORECOMP_wz_bins_deployable,latentwire,dev,AMBIGUOUS,results/source_private_wyner_ziv_packet_gate_20260429/remap_101/predictions_budget2.jsonl,matched_learned_syndrome,0.1830065359477124,scalar_quantized_source,0.43137254901960786,-0.24836601307189543,-0.3202614379084967,-0.17973856209150327,306,,,,,,,,dev/gate row-filtered cache screen; no Mac PASSED status
L_SCORECOMP_wz_bins_deployable,latentwire,gate,KILLED,results/source_private_wyner_ziv_packet_gate_20260429/remap_101/predictions_budget2.jsonl,matched_learned_syndrome,0.19387755102040816,scalar_quantized_source,0.45918367346938777,-0.2653061224489796,-0.3877551020408163,-0.14285714285714285,98,,,,,,,,dev/gate row-filtered cache screen; no Mac PASSED status
L_SCORECOMP_wz_bins_deployable,latentwire,dev,AMBIGUOUS,results/source_private_wyner_ziv_packet_gate_20260429/remap_101/predictions_budget4.jsonl,matched_learned_syndrome,0.24584717607973422,relative_canonical_score_source,0.5049833887043189,-0.2591362126245847,-0.33554817275747506,-0.18272425249169436,301,,,,,,,,dev/gate row-filtered cache screen; no Mac PASSED status
L_SCORECOMP_wz_bins_deployable,latentwire,gate,KILLED,results/source_private_wyner_ziv_packet_gate_20260429/remap_101/predictions_budget4.jsonl,matched_learned_syndrome,0.31,relative_canonical_score_source,0.45,-0.14,-0.28,-0.01,100,,,,,,,,dev/gate row-filtered cache screen; no Mac PASSED status
L_SCORECOMP_wz_bins_deployable,latentwire,dev,AMBIGUOUS,results/source_private_wyner_ziv_packet_gate_20260429/remap_101/predictions_budget6.jsonl,matched_learned_syndrome,0.334384858044164,relative_canonical_score_source,0.5299684542586751,-0.19558359621451105,-0.27129337539432175,-0.11987381703470032,317,,,,,,,,dev/gate row-filtered cache screen; no Mac PASSED status
L_SCORECOMP_wz_bins_deployable,latentwire,gate,CPU_SCREENED,results/source_private_wyner_ziv_packet_gate_20260429/remap_101/predictions_budget6.jsonl,matched_learned_syndrome,0.42168674698795183,scalar_quantized_source,0.4457831325301205,-0.024096385542168676,-0.18072289156626506,0.12048192771084337,83,,,,,,,,dev/gate row-filtered cache screen; no Mac PASSED status
L_SCORECOMP_wz_bins_deployable,latentwire,dev,AMBIGUOUS,results/source_private_wyner_ziv_packet_gate_20260429/remap_103/predictions_budget2.jsonl,matched_learned_syndrome,0.1758957654723127,scalar_quantized_source,0.4560260586319218,-0.28013029315960913,-0.3517915309446254,-0.20846905537459284,307,,,,,,,,dev/gate row-filtered cache screen; no Mac PASSED status
L_SCORECOMP_wz_bins_deployable,latentwire,gate,KILLED,results/source_private_wyner_ziv_packet_gate_20260429/remap_103/predictions_budget2.jsonl,matched_learned_syndrome,0.14678899082568808,scalar_quantized_source,0.4036697247706422,-0.25688073394495414,-0.3669724770642202,-0.13761467889908258,109,,,,,,,,dev/gate row-filtered cache screen; no Mac PASSED status
L_SCORECOMP_wz_bins_deployable,latentwire,dev,AMBIGUOUS,results/source_private_wyner_ziv_packet_gate_20260429/remap_103/predictions_budget4.jsonl,matched_learned_syndrome,0.24115755627009647,relative_canonical_score_source,0.5273311897106109,-0.2861736334405145,-0.3536977491961415,-0.21543408360128619,311,,,,,,,,dev/gate row-filtered cache screen; no Mac PASSED status
L_SCORECOMP_wz_bins_deployable,latentwire,gate,KILLED,results/source_private_wyner_ziv_packet_gate_20260429/remap_103/predictions_budget4.jsonl,matched_learned_syndrome,0.30526315789473685,relative_canonical_score_source,0.5368421052631579,-0.23157894736842105,-0.3473684210526316,-0.11578947368421053,95,,,,,,,,dev/gate row-filtered cache screen; no Mac PASSED status
L_SCORECOMP_wz_bins_deployable,latentwire,dev,AMBIGUOUS,results/source_private_wyner_ziv_packet_gate_20260429/remap_103/predictions_budget6.jsonl,matched_learned_syndrome,0.35374149659863946,relative_canonical_score_source,0.5306122448979592,-0.17687074829931973,-0.25170068027210885,-0.09863945578231292,294,,,,,,,,dev/gate row-filtered cache screen; no Mac PASSED status
L_SCORECOMP_wz_bins_deployable,latentwire,gate,CPU_SCREENED,results/source_private_wyner_ziv_packet_gate_20260429/remap_103/predictions_budget6.jsonl,matched_learned_syndrome,0.3592233009708738,relative_canonical_score_source,0.4563106796116505,-0.0970873786407767,-0.20388349514563106,0.02912621359223301,103,,,,,,,,dev/gate row-filtered cache screen; no Mac PASSED status
L_SCORECOMP_wz_bins_deployable,latentwire,dev,AMBIGUOUS,results/source_private_wyner_ziv_packet_gate_20260429/remap_107/predictions_budget2.jsonl,matched_learned_syndrome,0.18620689655172415,scalar_quantized_source,0.44482758620689655,-0.25862068965517243,-0.3310344827586207,-0.1896551724137931,290,,,,,,,,dev/gate row-filtered cache screen; no Mac PASSED status
L_SCORECOMP_wz_bins_deployable,latentwire,gate,CPU_SCREENED,results/source_private_wyner_ziv_packet_gate_20260429/remap_107/predictions_budget2.jsonl,matched_learned_syndrome,0.3017241379310345,scalar_quantized_source,0.4224137931034483,-0.1206896551724138,-0.2413793103448276,0.008620689655172414,116,,,,,,,,dev/gate row-filtered cache screen; no Mac PASSED status
L_SCORECOMP_wz_bins_deployable,latentwire,dev,AMBIGUOUS,results/source_private_wyner_ziv_packet_gate_20260429/remap_107/predictions_budget4.jsonl,matched_learned_syndrome,0.2716049382716049,relative_canonical_score_source,0.5154320987654321,-0.24382716049382716,-0.31790123456790126,-0.16666666666666666,324,,,,,,,,dev/gate row-filtered cache screen; no Mac PASSED status
L_SCORECOMP_wz_bins_deployable,latentwire,gate,KILLED,results/source_private_wyner_ziv_packet_gate_20260429/remap_107/predictions_budget4.jsonl,matched_learned_syndrome,0.1875,relative_canonical_score_source,0.4583333333333333,-0.2708333333333333,-0.3958333333333333,-0.15625,96,,,,,,,,dev/gate row-filtered cache screen; no Mac PASSED status
L_SCORECOMP_wz_bins_deployable,latentwire,dev,AMBIGUOUS,results/source_private_wyner_ziv_packet_gate_20260429/remap_107/predictions_budget6.jsonl,matched_learned_syndrome,0.3443708609271523,relative_canonical_score_source,0.5,-0.15562913907284767,-0.23178807947019867,-0.08278145695364239,302,,,,,,,,dev/gate row-filtered cache screen; no Mac PASSED status
L_SCORECOMP_wz_bins_deployable,latentwire,gate,KILLED,results/source_private_wyner_ziv_packet_gate_20260429/remap_107/predictions_budget6.jsonl,matched_learned_syndrome,0.3523809523809524,scalar_quantized_source,0.5142857142857142,-0.1619047619047619,-0.2857142857142857,-0.0380952380952381,105,,,,,,,,dev/gate row-filtered cache screen; no Mac PASSED status
C_A1_cvar_evt_clip_grid,channel_set,dev,AMBIGUOUS,experimental/outlier_migrate/phase9/results/om_driftrot_deepseek_clip_tight_20260528T2318Z/per_trace_metrics.json,,,,,,,,,paroquant_w4a16,8,0.5795422526313914,-1.6296955608623012,-3.523978005971099,1,9,offline row-filtered per-trace recovery; confirmation still needs held-out/fresh or GPU as applicable
C_A1_cvar_evt_clip_grid,channel_set,gate,AMBIGUOUS,experimental/outlier_migrate/phase9/results/om_driftrot_deepseek_clip_tight_20260528T2318Z/per_trace_metrics.json,,,,,,,,,paroquant_w4a16,1,-1.1158775567360468,-1.1158775567360468,-1.1158775567360468,0,1,offline row-filtered per-trace recovery; confirmation still needs held-out/fresh or GPU as applicable
CE21_no_gap_filter,channel_set,dev_gate,CPU_SCREENED,experimental/outlier_migrate/phase9/results/om_driftrot_deepseek_clip_tight_20260528T2318Z/per_trace_metrics.json,,,,,,,,,no_gap_denominator_audit,10,,,,1,10,denominator audit only; cannot promote a method
C_A1_cvar_evt_clip_grid,channel_set,dev,AMBIGUOUS,experimental/outlier_migrate/phase9/results/om_driftrot_falcon_clip_tight_20260528T2343Z/per_trace_metrics.json,,,,,,,,,paroquant_w4a16,7,0.20355119248374565,-1.6102790408745657,-1.6102790408745657,0,7,offline row-filtered per-trace recovery; confirmation still needs held-out/fresh or GPU as applicable
C_A1_cvar_evt_clip_grid,channel_set,gate,CPU_SCREENED,experimental/outlier_migrate/phase9/results/om_driftrot_falcon_clip_tight_20260528T2343Z/per_trace_metrics.json,,,,,,,,,paroquant_w4a16,3,0.3930161643760297,0.2879068214176125,0.2879068214176125,0,3,offline row-filtered per-trace recovery; confirmation still needs held-out/fresh or GPU as applicable
CE21_no_gap_filter,channel_set,dev_gate,CPU_SCREENED,experimental/outlier_migrate/phase9/results/om_driftrot_falcon_clip_tight_20260528T2343Z/per_trace_metrics.json,,,,,,,,,no_gap_denominator_audit,10,,,,0,10,denominator audit only; cannot promote a method
C_A1_cvar_evt_clip_grid,channel_set,dev,AMBIGUOUS,experimental/outlier_migrate/phase9/results/om_driftrot_granite_clip_loose_confirmation_20260528T1735Z/per_trace_metrics.json,,,,,,,,,paroquant_w4a16,3,0.6896096530086229,-79.78322111629217,-79.78322111629217,0,3,offline row-filtered per-trace recovery; confirmation still needs held-out/fresh or GPU as applicable
CE21_no_gap_filter,channel_set,dev_gate,CPU_SCREENED,experimental/outlier_migrate/phase9/results/om_driftrot_granite_clip_loose_confirmation_20260528T1735Z/per_trace_metrics.json,,,,,,,,,no_gap_denominator_audit,3,,,,0,3,denominator audit only; cannot promote a method
C_A1_cvar_evt_clip_grid,channel_set,dev,AMBIGUOUS,experimental/outlier_migrate/phase9/results/om_driftrot_granite_clip_tight_confirmation_20260528T1735Z/per_trace_metrics.json,,,,,,,,,paroquant_w4a16,1,5.939623575264381,5.939623575264381,5.939623575264381,0,1,offline row-filtered per-trace recovery; confirmation still needs held-out/fresh or GPU as applicable
C_A1_cvar_evt_clip_grid,channel_set,gate,CPU_SCREENED,experimental/outlier_migrate/phase9/results/om_driftrot_granite_clip_tight_confirmation_20260528T1735Z/per_trace_metrics.json,,,,,,,,,paroquant_w4a16,2,0.810492832938113,0.6006560711988609,0.6006560711988609,0,2,offline row-filtered per-trace recovery; confirmation still needs held-out/fresh or GPU as applicable
CE21_no_gap_filter,channel_set,dev_gate,CPU_SCREENED,experimental/outlier_migrate/phase9/results/om_driftrot_granite_clip_tight_confirmation_20260528T1735Z/per_trace_metrics.json,,,,,,,,,no_gap_denominator_audit,3,,,,0,3,denominator audit only; cannot promote a method
C_A1_cvar_evt_clip_grid,channel_set,dev,AMBIGUOUS,experimental/outlier_migrate/phase9/results/om_driftrot_granite_clip_tight_finalpos8_20260528T2251Z/per_trace_metrics.json,,,,,,,,,paroquant_w4a16,1,0.8123407220634444,0.8123407220634444,0.8123407220634444,0,1,offline row-filtered per-trace recovery; confirmation still needs held-out/fresh or GPU as applicable
CE21_no_gap_filter,channel_set,dev_gate,CPU_SCREENED,experimental/outlier_migrate/phase9/results/om_driftrot_granite_clip_tight_finalpos8_20260528T2251Z/per_trace_metrics.json,,,,,,,,,no_gap_denominator_audit,1,,,,0,1,denominator audit only; cannot promote a method
C_A1_cvar_evt_clip_grid,channel_set,dev,AMBIGUOUS,experimental/outlier_migrate/phase9/results/om_driftrot_granite_clip_tight_holdout_20260528T2144Z/per_trace_metrics.json,,,,,,,,,paroquant_w4a16,3,0.9962972423079028,0.8471380975022251,0.8471380975022251,0,3,offline row-filtered per-trace recovery; confirmation still needs held-out/fresh or GPU as applicable
CE21_no_gap_filter,channel_set,dev_gate,CPU_SCREENED,experimental/outlier_migrate/phase9/results/om_driftrot_granite_clip_tight_holdout_20260528T2144Z/per_trace_metrics.json,,,,,,,,,no_gap_denominator_audit,3,,,,0,3,denominator audit only; cannot promote a method
C_F_survival_stable_core,channel_set,dev,AMBIGUOUS,experimental/outlier_migrate/phase9/results/om_driftrot_residual_granite_tail4_diag_20260528T2052Z/per_trace_metrics.json,,,,,,,,,driftrot_residual_w4a16,1,-1088.8645513767176,-1088.8645513767176,-1088.8645513767176,0,1,offline row-filtered per-trace recovery; confirmation still needs held-out/fresh or GPU as applicable
C_F_survival_stable_core,channel_set,dev,AMBIGUOUS,experimental/outlier_migrate/phase9/results/om_driftrot_residual_granite_tail4_diag_20260528T2052Z/per_trace_metrics.json,,,,,,,,,reference_paroquant_w4a16,1,5.939623575264381,5.939623575264381,5.939623575264381,0,1,offline row-filtered per-trace recovery; confirmation still needs held-out/fresh or GPU as applicable
CE21_no_gap_filter,channel_set,dev_gate,CPU_SCREENED,experimental/outlier_migrate/phase9/results/om_driftrot_residual_granite_tail4_diag_20260528T2052Z/per_trace_metrics.json,,,,,,,,,no_gap_denominator_audit,1,,,,0,1,denominator audit only; cannot promote a method
C_F_survival_stable_core,channel_set,gate,AMBIGUOUS,experimental/outlier_migrate/phase9/results/om_driftrot_residual_granite_tail4_diag_fixed_20260528T2116Z/per_trace_metrics.json,,,,,,,,,driftrot_residual_w4a16,1,-12.293656857340855,-12.293656857340855,-12.293656857340855,0,1,offline row-filtered per-trace recovery; confirmation still needs held-out/fresh or GPU as applicable
C_F_survival_stable_core,channel_set,gate,AMBIGUOUS,experimental/outlier_migrate/phase9/results/om_driftrot_residual_granite_tail4_diag_fixed_20260528T2116Z/per_trace_metrics.json,,,,,,,,,reference_paroquant_w4a16,1,5.939623575264381,5.939623575264381,5.939623575264381,0,1,offline row-filtered per-trace recovery; confirmation still needs held-out/fresh or GPU as applicable
CE21_no_gap_filter,channel_set,dev_gate,CPU_SCREENED,experimental/outlier_migrate/phase9/results/om_driftrot_residual_granite_tail4_diag_fixed_20260528T2116Z/per_trace_metrics.json,,,,,,,,,no_gap_denominator_audit,1,,,,0,1,denominator audit only; cannot promote a method
C_A1_cvar_evt_clip_grid,channel_set,dev,AMBIGUOUS,experimental/outlier_migrate/phase9/results/om_paroquant_granite_small_20260520T1555Z/per_trace_metrics.json,,,,,,,,,paroquant_w4a16,4,0.596374659279516,-26.3711874060621,-26.3711874060621,1,5,offline row-filtered per-trace recovery; confirmation still needs held-out/fresh or GPU as applicable
C_A1_cvar_evt_clip_grid,channel_set,gate,AMBIGUOUS,experimental/outlier_migrate/phase9/results/om_paroquant_granite_small_20260520T1555Z/per_trace_metrics.json,,,,,,,,,paroquant_w4a16,1,1.5665998401790793,1.5665998401790793,1.5665998401790793,2,3,offline row-filtered per-trace recovery; confirmation still needs held-out/fresh or GPU as applicable
CE21_no_gap_filter,channel_set,dev_gate,CPU_SCREENED,experimental/outlier_migrate/phase9/results/om_paroquant_granite_small_20260520T1555Z/per_trace_metrics.json,,,,,,,,,no_gap_denominator_audit,8,,,,3,8,denominator audit only; cannot promote a method
C_D1_osc_static_cluster_stress,channel_set,dev,AMBIGUOUS,experimental/outlier_migrate/phase9/results/om_phase9_decdec_granite_small_vac12_20260517T141500Z/per_trace_metrics.json,,,,,,,,,decdec_reactive_top1_proxy,5,0.027152010227528556,-335.405372628315,-335.405372628315,2,7,offline row-filtered per-trace recovery; confirmation still needs held-out/fresh or GPU as applicable
C_D1_osc_static_cluster_stress,channel_set,dev,AMBIGUOUS,experimental/outlier_migrate/phase9/results/om_phase9_decdec_granite_small_vac12_20260517T141500Z/per_trace_metrics.json,,,,,,,,,random_reactive_top1,5,-1.4453053787875558,-429.63425156095434,-429.63425156095434,2,7,offline row-filtered per-trace recovery; confirmation still needs held-out/fresh or GPU as applicable
C_D1_osc_static_cluster_stress,channel_set,dev,AMBIGUOUS,experimental/outlier_migrate/phase9/results/om_phase9_decdec_granite_small_vac12_20260517T141500Z/per_trace_metrics.json,,,,,,,,,static_top10,5,0.2468053917081915,-1133.9186357450153,-1133.9186357450153,2,7,offline row-filtered per-trace recovery; confirmation still needs held-out/fresh or GPU as applicable
C_D1_osc_static_cluster_stress,channel_set,gate,AMBIGUOUS,experimental/outlier_migrate/phase9/results/om_phase9_decdec_granite_small_vac12_20260517T141500Z/per_trace_metrics.json,,,,,,,,,decdec_reactive_top1_proxy,1,-0.36062928229559765,-0.36062928229559765,-0.36062928229559765,2,3,offline row-filtered per-trace recovery; confirmation still needs held-out/fresh or GPU as applicable
C_D1_osc_static_cluster_stress,channel_set,gate,AMBIGUOUS,experimental/outlier_migrate/phase9/results/om_phase9_decdec_granite_small_vac12_20260517T141500Z/per_trace_metrics.json,,,,,,,,,random_reactive_top1,1,-8.39512433446092,-8.39512433446092,-8.39512433446092,2,3,offline row-filtered per-trace recovery; confirmation still needs held-out/fresh or GPU as applicable
C_D1_osc_static_cluster_stress,channel_set,gate,AMBIGUOUS,experimental/outlier_migrate/phase9/results/om_phase9_decdec_granite_small_vac12_20260517T141500Z/per_trace_metrics.json,,,,,,,,,static_top10,1,-68.56236265688855,-68.56236265688855,-68.56236265688855,2,3,offline row-filtered per-trace recovery; confirmation still needs held-out/fresh or GPU as applicable
CE21_no_gap_filter,channel_set,dev_gate,CPU_SCREENED,experimental/outlier_migrate/phase9/results/om_phase9_decdec_granite_small_vac12_20260517T141500Z/per_trace_metrics.json,,,,,,,,,no_gap_denominator_audit,10,,,,4,10,denominator audit only; cannot promote a method
C_F_survival_stable_core,channel_set,dev,AMBIGUOUS,experimental/outlier_migrate/phase9/results/om_phase9_m10_granite_small_vac12_20260515T085800Z/per_trace_metrics.json,,,,,,,,,m10_position_binned,6,0.2344479278340464,-36.09796660491199,-36.09796660491199,0,6,offline row-filtered per-trace recovery; confirmation still needs held-out/fresh or GPU as applicable
C_F_survival_stable_core,channel_set,dev,AMBIGUOUS,experimental/outlier_migrate/phase9/results/om_phase9_m10_granite_small_vac12_20260515T085800Z/per_trace_metrics.json,,,,,,,,,midpoint_matched_cost,6,0.26085691268158606,-0.7569359326281155,-0.7569359326281155,0,6,offline row-filtered per-trace recovery; confirmation still needs held-out/fresh or GPU as applicable
C_F_survival_stable_core,channel_set,dev,AMBIGUOUS,experimental/outlier_migrate/phase9/results/om_phase9_m10_granite_small_vac12_20260515T085800Z/per_trace_metrics.json,,,,,,,,,random_bin_assignment,6,0.9925744635122573,0.836220743938372,0.836220743938372,0,6,offline row-filtered per-trace recovery; confirmation still needs held-out/fresh or GPU as applicable
C_F_survival_stable_core,channel_set,gate,CPU_SCREENED,experimental/outlier_migrate/phase9/results/om_phase9_m10_granite_small_vac12_20260515T085800Z/per_trace_metrics.json,,,,,,,,,m10_position_binned,4,0.3718535388051248,-22.481527179163283,-22.481527179163283,0,4,offline row-filtered per-trace recovery; confirmation still needs held-out/fresh or GPU as applicable
C_F_survival_stable_core,channel_set,gate,CPU_SCREENED,experimental/outlier_migrate/phase9/results/om_phase9_m10_granite_small_vac12_20260515T085800Z/per_trace_metrics.json,,,,,,,,,midpoint_matched_cost,4,-0.8015371056398293,-1.133752525413879,-1.133752525413879,0,4,offline row-filtered per-trace recovery; confirmation still needs held-out/fresh or GPU as applicable
C_F_survival_stable_core,channel_set,gate,CPU_SCREENED,experimental/outlier_migrate/phase9/results/om_phase9_m10_granite_small_vac12_20260515T085800Z/per_trace_metrics.json,,,,,,,,,random_bin_assignment,4,0.9994969176844026,0.9968038559475231,0.9968038559475231,0,4,offline row-filtered per-trace recovery; confirmation still needs held-out/fresh or GPU as applicable
CE21_no_gap_filter,channel_set,dev_gate,CPU_SCREENED,experimental/outlier_migrate/phase9/results/om_phase9_m10_granite_small_vac12_20260515T085800Z/per_trace_metrics.json,,,,,,,,,no_gap_denominator_audit,10,,,,0,10,denominator audit only; cannot promote a method
C_F_survival_stable_core,channel_set,dev,AMBIGUOUS,experimental/outlier_migrate/phase9/results/om_phase9_m11_granite_small_vac12_20260516T010728Z/per_trace_metrics.json,,,,,,,,,m11_alpha_0_1,5,-2.1965056118913786,-424.55081341787167,-424.55081341787167,2,7,offline row-filtered per-trace recovery; confirmation still needs held-out/fresh or GPU as applicable
C_F_survival_stable_core,channel_set,dev,AMBIGUOUS,experimental/outlier_migrate/phase9/results/om_phase9_m11_granite_small_vac12_20260516T010728Z/per_trace_metrics.json,,,,,,,,,m11_alpha_0_3,5,-0.14451920217606307,-563.8749079458157,-563.8749079458157,2,7,offline row-filtered per-trace recovery; confirmation still needs held-out/fresh or GPU as applicable
C_F_survival_stable_core,channel_set,dev,AMBIGUOUS,experimental/outlier_migrate/phase9/results/om_phase9_m11_granite_small_vac12_20260516T010728Z/per_trace_metrics.json,,,,,,,,,m11_alpha_0_5,5,0.0960794431007973,-495.94594435568933,-495.94594435568933,2,7,offline row-filtered per-trace recovery; confirmation still needs held-out/fresh or GPU as applicable
C_F_survival_stable_core,channel_set,dev,AMBIGUOUS,experimental/outlier_migrate/phase9/results/om_phase9_m11_granite_small_vac12_20260516T010728Z/per_trace_metrics.json,,,,,,,,,random_walk_protection,5,-0.7627866688733733,-2.3829710668506543,-2.3829710668506543,2,7,offline row-filtered per-trace recovery; confirmation still needs held-out/fresh or GPU as applicable
C_F_survival_stable_core,channel_set,gate,CPU_SCREENED,experimental/outlier_migrate/phase9/results/om_phase9_m11_granite_small_vac12_20260516T010728Z/per_trace_metrics.json,,,,,,,,,m11_alpha_0_1,2,-1.8466671894654116,-3.7354573505297353,-3.7354573505297353,1,3,offline row-filtered per-trace recovery; confirmation still needs held-out/fresh or GPU as applicable
C_F_survival_stable_core,channel_set,gate,CPU_SCREENED,experimental/outlier_migrate/phase9/results/om_phase9_m11_granite_small_vac12_20260516T010728Z/per_trace_metrics.json,,,,,,,,,m11_alpha_0_3,2,-1.3784634106093232,-2.8051209573365323,-2.8051209573365323,1,3,offline row-filtered per-trace recovery; confirmation still needs held-out/fresh or GPU as applicable
C_F_survival_stable_core,channel_set,gate,CPU_SCREENED,experimental/outlier_migrate/phase9/results/om_phase9_m11_granite_small_vac12_20260516T010728Z/per_trace_metrics.json,,,,,,,,,m11_alpha_0_5,2,-0.4386014189429026,-0.8777219630603719,-0.8777219630603719,1,3,offline row-filtered per-trace recovery; confirmation still needs held-out/fresh or GPU as applicable
C_F_survival_stable_core,channel_set,gate,CPU_SCREENED,experimental/outlier_migrate/phase9/results/om_phase9_m11_granite_small_vac12_20260516T010728Z/per_trace_metrics.json,,,,,,,,,random_walk_protection,2,-2.612885305159135,-3.761249514922784,-3.761249514922784,1,3,offline row-filtered per-trace recovery; confirmation still needs held-out/fresh or GPU as applicable
CE21_no_gap_filter,channel_set,dev_gate,CPU_SCREENED,experimental/outlier_migrate/phase9/results/om_phase9_m11_granite_small_vac12_20260516T010728Z/per_trace_metrics.json,,,,,,,,,no_gap_denominator_audit,10,,,,3,10,denominator audit only; cannot promote a method
C_F_survival_stable_core,channel_set,dev,AMBIGUOUS,experimental/outlier_migrate/phase9/results/om_phase9_m11b_granite_small_vac12_reuse_20260518T030300Z/per_trace_metrics.json,,,,,,,,,m11b_top1,7,0.03257620497158642,-587.1004270116848,-587.1004270116848,1,8,offline row-filtered per-trace recovery; confirmation still needs held-out/fresh or GPU as applicable
C_F_survival_stable_core,channel_set,dev,AMBIGUOUS,experimental/outlier_migrate/phase9/results/om_phase9_m11b_granite_small_vac12_reuse_20260518T030300Z/per_trace_metrics.json,,,,,,,,,m11b_top10,7,0.24072595270878616,-10.484922484541741,-10.484922484541741,1,8,offline row-filtered per-trace recovery; confirmation still needs held-out/fresh or GPU as applicable
C_F_survival_stable_core,channel_set,dev,AMBIGUOUS,experimental/outlier_migrate/phase9/results/om_phase9_m11b_granite_small_vac12_reuse_20260518T030300Z/per_trace_metrics.json,,,,,,,,,m11b_top5,7,0.19452259307894781,-2.722226022567281,-2.722226022567281,1,8,offline row-filtered per-trace recovery; confirmation still needs held-out/fresh or GPU as applicable
C_F_survival_stable_core,channel_set,dev,AMBIGUOUS,experimental/outlier_migrate/phase9/results/om_phase9_m11b_granite_small_vac12_reuse_20260518T030300Z/per_trace_metrics.json,,,,,,,,,static_top10,7,0.2239630755035379,-651.1910437055519,-651.1910437055519,1,8,offline row-filtered per-trace recovery; confirmation still needs held-out/fresh or GPU as applicable
CE21_no_gap_filter,channel_set,dev_gate,CPU_SCREENED,experimental/outlier_migrate/phase9/results/om_phase9_m11b_granite_small_vac12_reuse_20260518T030300Z/per_trace_metrics.json,,,,,,,,,no_gap_denominator_audit,9,,,,2,9,denominator audit only; cannot promote a method
C_F_survival_stable_core,channel_set,dev,AMBIGUOUS,experimental/outlier_migrate/phase9/results/om_phase9_m18_granite_small_vac12_20260516T193500Z/per_trace_metrics.json,,,,,,,,,kivi_key_only,5,-2.5872400889392666,-1648.1862232041053,-1648.1862232041053,3,8,offline row-filtered per-trace recovery; confirmation still needs held-out/fresh or GPU as applicable
C_F_survival_stable_core,channel_set,dev,AMBIGUOUS,experimental/outlier_migrate/phase9/results/om_phase9_m18_granite_small_vac12_20260516T193500Z/per_trace_metrics.json,,,,,,,,,m18_activation_k,5,-2.0009081247366516,-30.149463195937322,-30.149463195937322,3,8,offline row-filtered per-trace recovery; confirmation still needs held-out/fresh or GPU as applicable
C_F_survival_stable_core,channel_set,dev,AMBIGUOUS,experimental/outlier_migrate/phase9/results/om_phase9_m18_granite_small_vac12_20260516T193500Z/per_trace_metrics.json,,,,,,,,,m18_activation_kv,5,-0.5804487204618349,-22.934856123778644,-22.934856123778644,3,8,offline row-filtered per-trace recovery; confirmation still needs held-out/fresh or GPU as applicable
C_F_survival_stable_core,channel_set,dev,AMBIGUOUS,experimental/outlier_migrate/phase9/results/om_phase9_m18_granite_small_vac12_20260516T193500Z/per_trace_metrics.json,,,,,,,,,random_coupled_activation_k,5,-3.036021912702507,-374.4397379352493,-374.4397379352493,3,8,offline row-filtered per-trace recovery; confirmation still needs held-out/fresh or GPU as applicable
C_F_survival_stable_core,channel_set,gate,AMBIGUOUS,experimental/outlier_migrate/phase9/results/om_phase9_m18_granite_small_vac12_20260516T193500Z/per_trace_metrics.json,,,,,,,,,kivi_key_only,1,-0.6277783033787543,-0.6277783033787543,-0.6277783033787543,1,2,offline row-filtered per-trace recovery; confirmation still needs held-out/fresh or GPU as applicable
C_F_survival_stable_core,channel_set,gate,AMBIGUOUS,experimental/outlier_migrate/phase9/results/om_phase9_m18_granite_small_vac12_20260516T193500Z/per_trace_metrics.json,,,,,,,,,m18_activation_k,1,0.979469114874242,0.979469114874242,0.979469114874242,1,2,offline row-filtered per-trace recovery; confirmation still needs held-out/fresh or GPU as applicable
C_F_survival_stable_core,channel_set,gate,AMBIGUOUS,experimental/outlier_migrate/phase9/results/om_phase9_m18_granite_small_vac12_20260516T193500Z/per_trace_metrics.json,,,,,,,,,m18_activation_kv,1,1.001057814998956,1.001057814998956,1.001057814998956,1,2,offline row-filtered per-trace recovery; confirmation still needs held-out/fresh or GPU as applicable
C_F_survival_stable_core,channel_set,gate,AMBIGUOUS,experimental/outlier_migrate/phase9/results/om_phase9_m18_granite_small_vac12_20260516T193500Z/per_trace_metrics.json,,,,,,,,,random_coupled_activation_k,1,-72.85796197285521,-72.85796197285521,-72.85796197285521,1,2,offline row-filtered per-trace recovery; confirmation still needs held-out/fresh or GPU as applicable
CE21_no_gap_filter,channel_set,dev_gate,CPU_SCREENED,experimental/outlier_migrate/phase9/results/om_phase9_m18_granite_small_vac12_20260516T193500Z/per_trace_metrics.json,,,,,,,,,no_gap_denominator_audit,10,,,,4,10,denominator audit only; cannot promote a method
C_F_survival_stable_core,channel_set,dev,AMBIGUOUS,experimental/outlier_migrate/phase9/results/om_phase9_m26_granite_small_vac12_20260518T203000Z/per_trace_metrics.json,,,,,,,,,core_current_top1_union,5,0.12067806120961122,-1.0919569202844368,-1.0919569202844368,3,8,offline row-filtered per-trace recovery; confirmation still needs held-out/fresh or GPU as applicable
C_F_survival_stable_core,channel_set,dev,AMBIGUOUS,experimental/outlier_migrate/phase9/results/om_phase9_m26_granite_small_vac12_20260518T203000Z/per_trace_metrics.json,,,,,,,,,m26_core,5,0.060776121635049196,-3.6464835360685814,-3.6464835360685814,3,8,offline row-filtered per-trace recovery; confirmation still needs held-out/fresh or GPU as applicable
C_F_survival_stable_core,channel_set,dev,AMBIGUOUS,experimental/outlier_migrate/phase9/results/om_phase9_m26_granite_small_vac12_20260518T203000Z/per_trace_metrics.json,,,,,,,,,random_matched_core,5,-1.0036742459955277,-49.68612989366393,-49.68612989366393,3,8,offline row-filtered per-trace recovery; confirmation still needs held-out/fresh or GPU as applicable
C_F_survival_stable_core,channel_set,gate,AMBIGUOUS,experimental/outlier_migrate/phase9/results/om_phase9_m26_granite_small_vac12_20260518T203000Z/per_trace_metrics.json,,,,,,,,,core_current_top1_union,1,-71.30926472476771,-71.30926472476771,-71.30926472476771,0,1,offline row-filtered per-trace recovery; confirmation still needs held-out/fresh or GPU as applicable
C_F_survival_stable_core,channel_set,gate,AMBIGUOUS,experimental/outlier_migrate/phase9/results/om_phase9_m26_granite_small_vac12_20260518T203000Z/per_trace_metrics.json,,,,,,,,,m26_core,1,5.313026881835041,5.313026881835041,5.313026881835041,0,1,offline row-filtered per-trace recovery; confirmation still needs held-out/fresh or GPU as applicable
C_F_survival_stable_core,channel_set,gate,AMBIGUOUS,experimental/outlier_migrate/phase9/results/om_phase9_m26_granite_small_vac12_20260518T203000Z/per_trace_metrics.json,,,,,,,,,random_matched_core,1,-486.2345376171671,-486.2345376171671,-486.2345376171671,0,1,offline row-filtered per-trace recovery; confirmation still needs held-out/fresh or GPU as applicable
CE21_no_gap_filter,channel_set,dev_gate,CPU_SCREENED,experimental/outlier_migrate/phase9/results/om_phase9_m26_granite_small_vac12_20260518T203000Z/per_trace_metrics.json,,,,,,,,,no_gap_denominator_audit,9,,,,3,9,denominator audit only; cannot promote a method
C_F_survival_stable_core,channel_set,dev,AMBIGUOUS,experimental/outlier_migrate/phase9/results/om_phase9_m2_granite_small_vac12_finalized_20260514T233800Z/per_trace_metrics.json,,,,,,,,,m2_position_conditional,5,-1.7812367319278533,-4.245489018396695,-4.245489018396695,2,7,offline row-filtered per-trace recovery; confirmation still needs held-out/fresh or GPU as applicable
C_F_survival_stable_core,channel_set,dev,AMBIGUOUS,experimental/outlier_migrate/phase9/results/om_phase9_m2_granite_small_vac12_finalized_20260514T233800Z/per_trace_metrics.json,,,,,,,,,random_bin_assignment,5,-0.4510939122956181,-8.692996732594942,-8.692996732594942,2,7,offline row-filtered per-trace recovery; confirmation still needs held-out/fresh or GPU as applicable
C_F_survival_stable_core,channel_set,dev,AMBIGUOUS,experimental/outlier_migrate/phase9/results/om_phase9_m2_granite_small_vac12_finalized_20260514T233800Z/per_trace_metrics.json,,,,,,,,,static_3pct,5,-0.6519412547007519,-23.5253132132144,-23.5253132132144,2,7,offline row-filtered per-trace recovery; confirmation still needs held-out/fresh or GPU as applicable
C_F_survival_stable_core,channel_set,gate,AMBIGUOUS,experimental/outlier_migrate/phase9/results/om_phase9_m2_granite_small_vac12_finalized_20260514T233800Z/per_trace_metrics.json,,,,,,,,,m2_position_conditional,1,-148.21581342252074,-148.21581342252074,-148.21581342252074,2,3,offline row-filtered per-trace recovery; confirmation still needs held-out/fresh or GPU as applicable
C_F_survival_stable_core,channel_set,gate,AMBIGUOUS,experimental/outlier_migrate/phase9/results/om_phase9_m2_granite_small_vac12_finalized_20260514T233800Z/per_trace_metrics.json,,,,,,,,,random_bin_assignment,1,-77.55094038762651,-77.55094038762651,-77.55094038762651,2,3,offline row-filtered per-trace recovery; confirmation still needs held-out/fresh or GPU as applicable
C_F_survival_stable_core,channel_set,gate,AMBIGUOUS,experimental/outlier_migrate/phase9/results/om_phase9_m2_granite_small_vac12_finalized_20260514T233800Z/per_trace_metrics.json,,,,,,,,,static_3pct,1,-474.992257980122,-474.992257980122,-474.992257980122,2,3,offline row-filtered per-trace recovery; confirmation still needs held-out/fresh or GPU as applicable
CE21_no_gap_filter,channel_set,dev_gate,CPU_SCREENED,experimental/outlier_migrate/phase9/results/om_phase9_m2_granite_small_vac12_finalized_20260514T233800Z/per_trace_metrics.json,,,,,,,,,no_gap_denominator_audit,10,,,,4,10,denominator audit only; cannot promote a method
C_F_survival_stable_core,channel_set,dev,AMBIGUOUS,experimental/outlier_migrate/phase9/results/om_phase9_mpred_deepseek_extension_20260528T005045Z/per_trace_metrics.json,,,,,,,,,m11b_top10,8,0.4306112682443106,-1.1468522545709783,-1.5929311937606054,0,8,offline row-filtered per-trace recovery; confirmation still needs held-out/fresh or GPU as applicable
C_F_survival_stable_core,channel_set,dev,AMBIGUOUS,experimental/outlier_migrate/phase9/results/om_phase9_mpred_deepseek_extension_20260528T005045Z/per_trace_metrics.json,,,,,,,,,m11b_top5,8,0.15453556863806978,-1.4054516904954075,-1.560669014144298,0,8,offline row-filtered per-trace recovery; confirmation still needs held-out/fresh or GPU as applicable
C_F_survival_stable_core,channel_set,dev,AMBIGUOUS,experimental/outlier_migrate/phase9/results/om_phase9_mpred_deepseek_extension_20260528T005045Z/per_trace_metrics.json,,,,,,,,,mpred_top10_alpha_0_95,8,0.23722749695041961,-4.387655244976915,-7.574872246200918,0,8,offline row-filtered per-trace recovery; confirmation still needs held-out/fresh or GPU as applicable
C_F_survival_stable_core,channel_set,dev,AMBIGUOUS,experimental/outlier_migrate/phase9/results/om_phase9_mpred_deepseek_extension_20260528T005045Z/per_trace_metrics.json,,,,,,,,,static_top10,8,0.43201738605067735,-1.6313420885930565,-1.793432822921977,0,8,offline row-filtered per-trace recovery; confirmation still needs held-out/fresh or GPU as applicable
C_F_survival_stable_core,channel_set,gate,CPU_SCREENED,experimental/outlier_migrate/phase9/results/om_phase9_mpred_deepseek_extension_20260528T005045Z/per_trace_metrics.json,,,,,,,,,m11b_top10,3,-0.19495158010585767,-0.40909502923795116,-0.40909502923795116,0,3,offline row-filtered per-trace recovery; confirmation still needs held-out/fresh or GPU as applicable
C_F_survival_stable_core,channel_set,gate,CPU_SCREENED,experimental/outlier_migrate/phase9/results/om_phase9_mpred_deepseek_extension_20260528T005045Z/per_trace_metrics.json,,,,,,,,,m11b_top5,3,-0.4351372748629745,-1.078576149834236,-1.078576149834236,0,3,offline row-filtered per-trace recovery; confirmation still needs held-out/fresh or GPU as applicable
C_F_survival_stable_core,channel_set,gate,CPU_SCREENED,experimental/outlier_migrate/phase9/results/om_phase9_mpred_deepseek_extension_20260528T005045Z/per_trace_metrics.json,,,,,,,,,mpred_top10_alpha_0_95,3,-0.2559664899864631,-0.5665233740734557,-0.5665233740734557,0,3,offline row-filtered per-trace recovery; confirmation still needs held-out/fresh or GPU as applicable
C_F_survival_stable_core,channel_set,gate,CPU_SCREENED,experimental/outlier_migrate/phase9/results/om_phase9_mpred_deepseek_extension_20260528T005045Z/per_trace_metrics.json,,,,,,,,,static_top10,3,-0.1016598908679518,-0.6527546281028918,-0.6527546281028918,0,3,offline row-filtered per-trace recovery; confirmation still needs held-out/fresh or GPU as applicable
CE21_no_gap_filter,channel_set,dev_gate,CPU_SCREENED,experimental/outlier_migrate/phase9/results/om_phase9_mpred_deepseek_extension_20260528T005045Z/per_trace_metrics.json,,,,,,,,,no_gap_denominator_audit,11,,,,0,11,denominator audit only; cannot promote a method
C_F_survival_stable_core,channel_set,dev,AMBIGUOUS,experimental/outlier_migrate/phase9/results/om_phase9_mpred_falcon_extension_20260528T011658Z/per_trace_metrics.json,,,,,,,,,m11b_top10,7,0.055467145779557914,-0.23808124952180965,-0.23808124952180965,0,7,offline row-filtered per-trace recovery; confirmation still needs held-out/fresh or GPU as applicable
C_F_survival_stable_core,channel_set,dev,AMBIGUOUS,experimental/outlier_migrate/phase9/results/om_phase9_mpred_falcon_extension_20260528T011658Z/per_trace_metrics.json,,,,,,,,,m11b_top5,7,0.0690722916082479,-1.5930482416702176,-1.5930482416702176,0,7,offline row-filtered per-trace recovery; confirmation still needs held-out/fresh or GPU as applicable
C_F_survival_stable_core,channel_set,dev,AMBIGUOUS,experimental/outlier_migrate/phase9/results/om_phase9_mpred_falcon_extension_20260528T011658Z/per_trace_metrics.json,,,,,,,,,mpred_top10_alpha_0_95,7,-0.024318500421393274,-1.3924907244270632,-1.3924907244270632,0,7,offline row-filtered per-trace recovery; confirmation still needs held-out/fresh or GPU as applicable
C_F_survival_stable_core,channel_set,dev,AMBIGUOUS,experimental/outlier_migrate/phase9/results/om_phase9_mpred_falcon_extension_20260528T011658Z/per_trace_metrics.json,,,,,,,,,static_top10,7,-0.08400355802846748,-0.4108585440866037,-0.4108585440866037,0,7,offline row-filtered per-trace recovery; confirmation still needs held-out/fresh or GPU as applicable
C_F_survival_stable_core,channel_set,gate,CPU_SCREENED,experimental/outlier_migrate/phase9/results/om_phase9_mpred_falcon_extension_20260528T011658Z/per_trace_metrics.json,,,,,,,,,m11b_top10,2,0.3475718046845774,0.24191053929326034,0.24191053929326034,0,2,offline row-filtered per-trace recovery; confirmation still needs held-out/fresh or GPU as applicable
C_F_survival_stable_core,channel_set,gate,CPU_SCREENED,experimental/outlier_migrate/phase9/results/om_phase9_mpred_falcon_extension_20260528T011658Z/per_trace_metrics.json,,,,,,,,,m11b_top5,2,0.08739418267459403,0.0718842047342575,0.0718842047342575,0,2,offline row-filtered per-trace recovery; confirmation still needs held-out/fresh or GPU as applicable
C_F_survival_stable_core,channel_set,gate,CPU_SCREENED,experimental/outlier_migrate/phase9/results/om_phase9_mpred_falcon_extension_20260528T011658Z/per_trace_metrics.json,,,,,,,,,mpred_top10_alpha_0_95,2,0.414158630798141,0.27454432575233,0.27454432575233,0,2,offline row-filtered per-trace recovery; confirmation still needs held-out/fresh or GPU as applicable
C_F_survival_stable_core,channel_set,gate,CPU_SCREENED,experimental/outlier_migrate/phase9/results/om_phase9_mpred_falcon_extension_20260528T011658Z/per_trace_metrics.json,,,,,,,,,static_top10,2,0.28671772715696797,0.16848940231059528,0.16848940231059528,0,2,offline row-filtered per-trace recovery; confirmation still needs held-out/fresh or GPU as applicable
CE21_no_gap_filter,channel_set,dev_gate,CPU_SCREENED,experimental/outlier_migrate/phase9/results/om_phase9_mpred_falcon_extension_20260528T011658Z/per_trace_metrics.json,,,,,,,,,no_gap_denominator_audit,9,,,,0,9,denominator audit only; cannot promote a method
C_F_survival_stable_core,channel_set,dev,AMBIGUOUS,experimental/outlier_migrate/phase9/results/om_phase9_mpred_granite_reduced_20260527T201251Z/per_trace_metrics.json,,,,,,,,,m11b_top10,6,0.24075640427266048,-0.7273570722179588,-0.7273570722179588,0,6,offline row-filtered per-trace recovery; confirmation still needs held-out/fresh or GPU as applicable
C_F_survival_stable_core,channel_set,dev,AMBIGUOUS,experimental/outlier_migrate/phase9/results/om_phase9_mpred_granite_reduced_20260527T201251Z/per_trace_metrics.json,,,,,,,,,m11b_top5,6,0.8522050617986696,-2.2782493959434995,-2.2782493959434995,0,6,offline row-filtered per-trace recovery; confirmation still needs held-out/fresh or GPU as applicable
C_F_survival_stable_core,channel_set,dev,AMBIGUOUS,experimental/outlier_migrate/phase9/results/om_phase9_mpred_granite_reduced_20260527T201251Z/per_trace_metrics.json,,,,,,,,,mpred_top10_alpha_0_95,6,-7.745988954781958,-389.68558469514204,-389.68558469514204,0,6,offline row-filtered per-trace recovery; confirmation still needs held-out/fresh or GPU as applicable
C_F_survival_stable_core,channel_set,dev,AMBIGUOUS,experimental/outlier_migrate/phase9/results/om_phase9_mpred_granite_reduced_20260527T201251Z/per_trace_metrics.json,,,,,,,,,mpred_top5_alpha_0_95,6,-1.9603832612989405,-12.61626646686622,-12.61626646686622,0,6,offline row-filtered per-trace recovery; confirmation still needs held-out/fresh or GPU as applicable
C_F_survival_stable_core,channel_set,dev,AMBIGUOUS,experimental/outlier_migrate/phase9/results/om_phase9_mpred_granite_reduced_20260527T201251Z/per_trace_metrics.json,,,,,,,,,static_top10,6,-0.05176717655558488,-53.37845888236424,-53.37845888236424,0,6,offline row-filtered per-trace recovery; confirmation still needs held-out/fresh or GPU as applicable
C_F_survival_stable_core,channel_set,gate,AMBIGUOUS,experimental/outlier_migrate/phase9/results/om_phase9_mpred_granite_reduced_20260527T201251Z/per_trace_metrics.json,,,,,,,,,m11b_top10,1,-10.484922484541741,-10.484922484541741,-10.484922484541741,3,4,offline row-filtered per-trace recovery; confirmation still needs held-out/fresh or GPU as applicable
C_F_survival_stable_core,channel_set,gate,AMBIGUOUS,experimental/outlier_migrate/phase9/results/om_phase9_mpred_granite_reduced_20260527T201251Z/per_trace_metrics.json,,,,,,,,,m11b_top5,1,-2.722226022567281,-2.722226022567281,-2.722226022567281,3,4,offline row-filtered per-trace recovery; confirmation still needs held-out/fresh or GPU as applicable
C_F_survival_stable_core,channel_set,gate,AMBIGUOUS,experimental/outlier_migrate/phase9/results/om_phase9_mpred_granite_reduced_20260527T201251Z/per_trace_metrics.json,,,,,,,,,mpred_top10_alpha_0_95,1,-14537.383400528344,-14537.383400528344,-14537.383400528344,3,4,offline row-filtered per-trace recovery; confirmation still needs held-out/fresh or GPU as applicable
C_F_survival_stable_core,channel_set,gate,AMBIGUOUS,experimental/outlier_migrate/phase9/results/om_phase9_mpred_granite_reduced_20260527T201251Z/per_trace_metrics.json,,,,,,,,,mpred_top5_alpha_0_95,1,-1483.9942676845346,-1483.9942676845346,-1483.9942676845346,3,4,offline row-filtered per-trace recovery; confirmation still needs held-out/fresh or GPU as applicable
C_F_survival_stable_core,channel_set,gate,AMBIGUOUS,experimental/outlier_migrate/phase9/results/om_phase9_mpred_granite_reduced_20260527T201251Z/per_trace_metrics.json,,,,,,,,,static_top10,1,-651.1910437055519,-651.1910437055519,-651.1910437055519,3,4,offline row-filtered per-trace recovery; confirmation still needs held-out/fresh or GPU as applicable
CE21_no_gap_filter,channel_set,dev_gate,CPU_SCREENED,experimental/outlier_migrate/phase9/results/om_phase9_mpred_granite_reduced_20260527T201251Z/per_trace_metrics.json,,,,,,,,,no_gap_denominator_audit,10,,,,3,10,denominator audit only; cannot promote a method
C_F_survival_stable_core,channel_set,dev,AMBIGUOUS,experimental/outlier_migrate/phase9/results/om_stage1_e3_granite_20260526T034442Z/per_trace_metrics.json,,,,,,,,,m11b_top10,5,0.2407868558365348,-0.0612581819027076,-0.0612581819027076,4,9,offline row-filtered per-trace recovery; confirmation still needs held-out/fresh or GPU as applicable
C_F_survival_stable_core,channel_set,dev,AMBIGUOUS,experimental/outlier_migrate/phase9/results/om_stage1_e3_granite_20260526T034442Z/per_trace_metrics.json,,,,,,,,,paroquant_m11b_top10,5,0.6948933345805925,0.002901803049757512,0.002901803049757512,4,9,offline row-filtered per-trace recovery; confirmation still needs held-out/fresh or GPU as applicable
C_F_survival_stable_core,channel_set,dev,AMBIGUOUS,experimental/outlier_migrate/phase9/results/om_stage1_e3_granite_20260526T034442Z/per_trace_metrics.json,,,,,,,,,paroquant_random_top10,5,0.878352276543877,0.6492189599214141,0.6492189599214141,4,9,offline row-filtered per-trace recovery; confirmation still needs held-out/fresh or GPU as applicable
C_F_survival_stable_core,channel_set,dev,AMBIGUOUS,experimental/outlier_migrate/phase9/results/om_stage1_e3_granite_20260526T034442Z/per_trace_metrics.json,,,,,,,,,paroquant_w4a16,5,0.7918488316283542,0.4770444524050311,0.4770444524050311,4,9,offline row-filtered per-trace recovery; confirmation still needs held-out/fresh or GPU as applicable
C_F_survival_stable_core,channel_set,gate,CPU_SCREENED,experimental/outlier_migrate/phase9/results/om_stage1_e3_granite_20260526T034442Z/per_trace_metrics.json,,,,,,,,,m11b_top10,3,-0.7273570722179588,-10.484922484541741,-10.484922484541741,0,3,offline row-filtered per-trace recovery; confirmation still needs held-out/fresh or GPU as applicable
C_F_survival_stable_core,channel_set,gate,CPU_SCREENED,experimental/outlier_migrate/phase9/results/om_stage1_e3_granite_20260526T034442Z/per_trace_metrics.json,,,,,,,,,paroquant_m11b_top10,3,0.3924785904446715,-127.88933753374991,-127.88933753374991,0,3,offline row-filtered per-trace recovery; confirmation still needs held-out/fresh or GPU as applicable
C_F_survival_stable_core,channel_set,gate,CPU_SCREENED,experimental/outlier_migrate/phase9/results/om_stage1_e3_granite_20260526T034442Z/per_trace_metrics.json,,,,,,,,,paroquant_random_top10,3,0.6401053517037971,-49.35106461595956,-49.35106461595956,0,3,offline row-filtered per-trace recovery; confirmation still needs held-out/fresh or GPU as applicable
C_F_survival_stable_core,channel_set,gate,CPU_SCREENED,experimental/outlier_migrate/phase9/results/om_stage1_e3_granite_20260526T034442Z/per_trace_metrics.json,,,,,,,,,paroquant_w4a16,3,0.5639917441607243,-26.3711874060621,-26.3711874060621,0,3,offline row-filtered per-trace recovery; confirmation still needs held-out/fresh or GPU as applicable
CE21_no_gap_filter,channel_set,dev_gate,CPU_SCREENED,experimental/outlier_migrate/phase9/results/om_stage1_e3_granite_20260526T034442Z/per_trace_metrics.json,,,,,,,,,no_gap_denominator_audit,12,,,,4,12,denominator audit only; cannot promote a method
C_A1_cvar_evt_clip_grid,channel_set,dev,AMBIGUOUS,experimental/outlier_migrate/phase9/results/om_v1_paroquant_deepseek_20260528T162858Z/per_trace_metrics.json,,,,,,,,,paroquant_w4a16,10,0.5368673815699343,-1.727115531388157,-3.056385366574048,1,11,offline row-filtered per-trace recovery; confirmation still needs held-out/fresh or GPU as applicable
C_A1_cvar_evt_clip_grid,channel_set,gate,AMBIGUOUS,experimental/outlier_migrate/phase9/results/om_v1_paroquant_deepseek_20260528T162858Z/per_trace_metrics.json,,,,,,,,,paroquant_w4a16,1,0.7562393091709771,0.7562393091709771,0.7562393091709771,0,1,offline row-filtered per-trace recovery; confirmation still needs held-out/fresh or GPU as applicable
CE21_no_gap_filter,channel_set,dev_gate,CPU_SCREENED,experimental/outlier_migrate/phase9/results/om_v1_paroquant_deepseek_20260528T162858Z/per_trace_metrics.json,,,,,,,,,no_gap_denominator_audit,12,,,,1,12,denominator audit only; cannot promote a method
C_A1_cvar_evt_clip_grid,channel_set,dev,AMBIGUOUS,experimental/outlier_migrate/phase9/results/om_v1_paroquant_falcon_20260528T154653Z/per_trace_metrics.json,,,,,,,,,paroquant_w4a16,6,0.38061550869015837,-0.31366806181612006,-0.31366806181612006,0,6,offline row-filtered per-trace recovery; confirmation still needs held-out/fresh or GPU as applicable
C_A1_cvar_evt_clip_grid,channel_set,gate,CPU_SCREENED,experimental/outlier_migrate/phase9/results/om_v1_paroquant_falcon_20260528T154653Z/per_trace_metrics.json,,,,,,,,,paroquant_w4a16,3,0.32479488834483194,0.18625445903439308,0.18625445903439308,0,3,offline row-filtered per-trace recovery; confirmation still needs held-out/fresh or GPU as applicable
CE21_no_gap_filter,channel_set,dev_gate,CPU_SCREENED,experimental/outlier_migrate/phase9/results/om_v1_paroquant_falcon_20260528T154653Z/per_trace_metrics.json,,,,,,,,,no_gap_denominator_audit,9,,,,0,9,denominator audit only; cannot promote a method
CE13_warmup_policy_selector,channel_set,dev_gate,PARKED_NEEDS_GPU,,,,,,,,,,warmup_policy_selector,0,,,,,,no parseable warmup-policy cache found in bounded pass
C_A2_horizon_rotation,channel_set,tests_only,PARKED_NEEDS_GPU,,,,,,,,,,tests_only,0,,,,,,correctness tests only; no method screen launched
L_A1_mmlu_pro_info_ceiling,latentwire,dev_gate,MAC_DONE,results/mac_continue/fresh_mmlu_pro/fresh_mmlu_pro_rows.jsonl,source_scores_given_source_top1,,source_top1,,2.231309991396775,,,96,fresh_mmlu_pro_info_ceiling,96,,,,,96,fresh dev/gate only; confirm rows scored 0
L_SCORECOMP_fresh_wz_high_entropy,latentwire,gate,MAC_DONE,results/mac_continue/fresh_mmlu_pro/fresh_mmlu_pro_rows.jsonl,deployable_source_score_wz,0.2608695652173913,random_same_byte,0.30434782608695654,-0.043478260869565216,-0.30434782608695654,0.2608695652173913,23,fresh_mmlu_pro_wz,23,,,,,23,Mac result; no PASSED status
L_B1_damage_avoidance_fresh,latentwire,gate,MAC_DONE,results/mac_continue/fresh_mmlu_pro/fresh_mmlu_pro_rows.jsonl,l_b1_damage_avoidance,0.17391304347826086,source_index_confidence,0.2608695652173913,-0.08695652173913043,-0.30434782608695654,0.13043478260869565,23,fresh_mmlu_pro_damage_avoidance,23,,,,,23,Mac result; no PASSED status
L_A2_verifier_rerank,latentwire,dev_gate,MAC_DONE,results/mac_continue/fresh_mmlu_pro/rerank_generation_rows.jsonl,bounded_generation_slice,,,,,,,3,fresh_generated_solution_rerank_slice,3,,,,,3,generation capped on Mac; no confirm rows
L_ORACLE_POWERED_LADDER,latentwire,dev_gate,not-deployable,results/mac_continue/latentwire_oracle_ladder/oracle_ladder_rows.jsonl,deployable_wz,0.17827298050139276,source_index_confidence,0.19220055710306408,-0.013927576601671309,-0.05013927576601671,0.022284122562674095,359,fresh_mmlu_pro_oracle_ladder,1500,,,,,1500,CPU next-token label scores; no confirm rows; no PASSED status
L_ORACLE_ONE_WAY_CONFIRM,latentwire,confirm,BOUNDED_NEGATIVE,results/mac_continue/latentwire_one_way_confirm/confirm_rows.jsonl,deployable_wz,0.18110236220472442,source_index_confidence,0.2047244094488189,-0.023622047244094488,-0.06036745406824147,0.013123359580052493,381,fresh_mmlu_pro_one_way_confirm,381,,,,,381,held-out negative closeout only; upper bound remains non-deployable
L_Q1_receiver_query_packet,latentwire,gate,KILLED,results/mac_continue/latentwire_query_packet/query_packet_rows.jsonl,receiver_query_two_way_packet,0.16991643454038996,source_index_confidence,0.19220055710306408,-0.022284122562674095,-0.055710306406685235,0.011142061281337047,359,receiver_query_conditioned_two_way_packet,1500,,,,,1500,final LatentWire score-packet shot killed; controls do not collapse
CACHEWIRE_current_c2c_trace_oracle,latentwire,cached_dev_gate,INCONCLUSIVE_UNDERPOWERED,results/svamp32_c2c_generation_trace_syndrome_probe_mps_20260505/generation_trace_probe.json,matched,0.40625,label_shuffled,0.46875,-0.0625,-0.15625,0.0,32,,,,,,,,overnight CPU screen; n=32 toy trace is not a kill and is replaced by EXP1 v2
C2C_qwen25_05b_to_qwen3_06b_replay_anchor,latentwire,svamp32_cached,CPU_SCREENED,results/svamp32_c2c_mps_compat_replay_20260505/c2c_teacher_innovation_probe.json,c2c_mps_compat_replay,0.5,target_alone,0.25,0.25,,,32,,,,,,,,"overnight CPU screen; tractable anchor, not MMLU-Redux reproduction"
KVCOMM_existing_cache_smoke_controls,latentwire,cached_smoke,KILLED,results/dense_baseline_mcqa_smoke_20260505/kvcomm_damage_diagnostic_n16.json,kvcomm_matched,,zero_source,,0.0,,,64,,,,,,,,overnight CPU screen; matched predictions collapse to zero-source controls
L_A2_verifier_rerank,latentwire,dev_gate_missing_cache,PARKED_NEEDS_CACHE,dashboard/latentwire_lA2_data_readiness.md,,,,,,,,,,,,,,,,overnight CPU screen; no generated-solution source/target/verifier score cache
C_A1_cvar_evt_clip_grid,channel_set,gate,CPU_SCREENED,dashboard/stage1_triage.md,,,,,,,,,paroquant_w4a16_offline,6,1.5666,,-1.1159,,,overnight CPU screen; first GPU backfill target with DeepSeek/Falcon sentinels
C_F_survival_stable_core,channel_set,gate,KILLED_CONTROL_CONTAMINATED,dashboard/stage1_triage.md,,,,,,,,,stable_core_offline_controls,36,5.9396,,-14537.3834,,,overnight CPU screen; random/control contamination kills the current C-F branch
MPS_FIRST_L_PC1_cross_family_specialist_ceiling,latentwire,dev_gate,PARKED_NEEDS_RECEIVER_CONDITIONED_CEILING_RUNNER,results/mps_first/L_PC1_cross_family_specialist_ceiling/summary.json,,,,,,,,,,768,,,,,,mps_first iteration state; no Mac PASSED status
MPS_FIRST_L_PC2_tool_augmented_source_ceiling,latentwire,dev_gate,PARKED_NEEDS_TOOL_PRIVATE_CACHE_AND_RUNNER,results/mps_first/L_PC2_tool_augmented_source_ceiling/summary.json,,,,,,,,,,0,,,,,,mps_first iteration state; no Mac PASSED status
MPS_FIRST_L_PC5_private_verifier_receiver_candidates,latentwire,dev_gate,PARKED_POOL_TOO_WEAK,results/mps_first/L_PC5_private_verifier_receiver_candidates/summary.json,,,,,,,,,,36,,,,,,mps_first iteration state; no Mac PASSED status
MPS_FIRST_L_C2_control_trained_lcf_lite_proxy,latentwire,dev_gate,PARKED_NEEDS_CONTROL_TRAINED_FUSER_PRELAUNCH,results/mps_first/L_C2_control_trained_lcf_lite_proxy/summary.json,,,,,,,,,,0,,,,,,mps_first iteration state; no Mac PASSED status
MPS_FIRST_C_U1_drift_as_signal_router,channel_set,dev_gate,PARKED_NEEDS_DRIFT_FEATURE_CACHE,results/mps_first/C_U1_drift_as_signal_router/summary.json,,,,,,,,,,171,,,,,,mps_first iteration state; no Mac PASSED status
MPS_FIRST_C_W1_fixed_library_warmup_selector,channel_set,dev_gate,PARKED_NEEDS_WARMUP_POLICY_CACHE,results/mps_first/C_W1_fixed_library_warmup_selector/summary.json,,,,,,,,,,0,,,,,,mps_first iteration state; no Mac PASSED status
MPS_FIRST_C_S1_clean_survival_stablecore_denominator,channel_set,dev_gate,PARKED_NEEDS_IDENTICAL_ROW_DENOMINATOR,results/mps_first/C_S1_clean_survival_stablecore_denominator/summary.json,,,,,,,,,,0,,,,,,mps_first iteration state; no Mac PASSED status
MPS_FIRST_C_Y5_channel_set_defense_bundle,channel_set,dev_gate,PARKED_NEEDS_NATIVE_PAIRING,results/mps_first/C_Y5_channel_set_defense_bundle/summary.json,,,,,,,,,,9,,,,,,mps_first iteration state; no Mac PASSED status
MPS_FIRST_STRICT_L_PC1_cross_family_specialist_ceiling,latentwire,dev_gate,MAC_FLOOR_POSITIVE_CEILING_ONLY,results/mps_first_strict_20260605/L_PC1_cross_family_specialist_ceiling/summary.json,,,,,0.04296875,0.015625,0.068359375,512,,512,,,,,,strict MPS rerun; no Mac PASSED status; promotion_allowed=false
