model,candidate_id,layers,score,rationale
tiiuae/Falcon-H1-0.5B-Instruct,falcon_top3_peak,[35 34 30],0.826594,peak late layers by combined drift/allocation/churn proxy
tiiuae/Falcon-H1-0.5B-Instruct,falcon_top6_ranked,[35 34 30 33 32 31],0.803113,top six ranked layers; non-contiguous because layer 30 has high strict leaving
tiiuae/Falcon-H1-0.5B-Instruct,falcon_late_contig_30_35,[30 31 32 33 34 35],0.803113,contiguous late block for a simple LayerKeep fallback
tiiuae/Falcon-H1-0.5B-Instruct,falcon_late_contig_28_35,[28 29 30 31 32 33 34 35],0.778387,broader late block if implementation wants fewer boundary conditions
ibm-granite/granite-4.0-h-small,granite_top3_late,[38 37 39],0.836034,diagnostic only; high no-gap fraction blocks recommendation
ibm-granite/granite-4.0-h-small,granite_late_contig_35_39,[35 36 37 38 39],0.786711,diagnostic contiguous late block; not promoted because trace surface is saturated by no-gap rows
deepseek-ai/DeepSeek-R1-Distill-Qwen-1.5B,deepseek_top4_late,[26 27 25 24],0.866837,secondary candidate if Falcon smoke is inconclusive
deepseek-ai/DeepSeek-R1-Distill-Qwen-1.5B,deepseek_late_contig_21_27,[21 22 23 24 25 26 27],0.789390,broader late block aligned with ranked drift/allocation ridge
nvidia/NVIDIA-Nemotron-3-Nano-30B-A3B-BF16,nemotron_late_46_51,[46 47 48 49 50 51],0.826941,not a priority; channel churn is locally saturated/low
