model,trace_id,label,predicted_score,fold_or_note,features_used
ibm-granite/granite-4.0-h-small,0,1,0.000000,granite_loo_trace_0;stump:layer_mean_cv_100_300:le:1.20697:train_ba=1.000,stump:layer_mean_cv_100_300:le:1.20697
ibm-granite/granite-4.0-h-small,1,0,0.125000,granite_loo_trace_1;stump:layer_mean_cv_100_300:le:1.20697:train_ba=0.875,stump:layer_mean_cv_100_300:le:1.20697
ibm-granite/granite-4.0-h-small,2,0,0.125000,granite_loo_trace_2;stump:layer_mean_cv_100_300:le:1.20697:train_ba=0.875,stump:layer_mean_cv_100_300:le:1.20697
ibm-granite/granite-4.0-h-small,3,1,1.000000,granite_loo_trace_3;stump:layer_mean_cv_100_300:le:1.2024:train_ba=0.833,stump:layer_mean_cv_100_300:le:1.2024
ibm-granite/granite-4.0-h-small,4,0,0.125000,granite_loo_trace_4;stump:layer_mean_cv_100_300:le:1.20764:train_ba=0.875,stump:layer_mean_cv_100_300:le:1.20764
ibm-granite/granite-4.0-h-small,5,0,0.125000,granite_loo_trace_5;stump:layer_mean_cv_100_300:le:1.20697:train_ba=0.875,stump:layer_mean_cv_100_300:le:1.20697
ibm-granite/granite-4.0-h-small,6,1,0.111111,granite_loo_trace_6;stump:input_token_count:le:86:train_ba=0.833,stump:input_token_count:le:86
ibm-granite/granite-4.0-h-small,7,0,0.125000,granite_loo_trace_7;stump:layer_mean_cv_100_300:le:1.20697:train_ba=0.875,stump:layer_mean_cv_100_300:le:1.20697
ibm-granite/granite-4.0-h-small,8,0,0.125000,granite_loo_trace_8;stump:layer_mean_cv_100_300:le:1.20697:train_ba=0.875,stump:layer_mean_cv_100_300:le:1.20697
ibm-granite/granite-4.0-h-small,9,0,0.125000,granite_loo_trace_9;stump:layer_mean_cv_100_300:le:1.20697:train_ba=0.875,stump:layer_mean_cv_100_300:le:1.20697
ibm-granite/granite-4.0-h-small,10,0,0.125000,granite_loo_trace_10;stump:layer_mean_cv_100_300:le:1.20697:train_ba=0.875,stump:layer_mean_cv_100_300:le:1.20697
ibm-granite/granite-4.0-h-small,11,1,0.111111,granite_loo_trace_11;stump:input_token_count:le:86:train_ba=0.833,stump:input_token_count:le:86
tiiuae/Falcon-H1-0.5B-Instruct,0,0,0.000000,falcon_loo_trace_0;loo_no_fit_single_class_train,none_nonleaky_train_single_class
tiiuae/Falcon-H1-0.5B-Instruct,1,0,0.000000,falcon_loo_trace_1;loo_no_fit_single_class_train,none_nonleaky_train_single_class
tiiuae/Falcon-H1-0.5B-Instruct,2,0,0.000000,falcon_loo_trace_2;loo_no_fit_single_class_train,none_nonleaky_train_single_class
tiiuae/Falcon-H1-0.5B-Instruct,3,0,0.000000,falcon_loo_trace_3;loo_no_fit_single_class_train,none_nonleaky_train_single_class
tiiuae/Falcon-H1-0.5B-Instruct,4,0,0.000000,falcon_loo_trace_4;loo_no_fit_single_class_train,none_nonleaky_train_single_class
tiiuae/Falcon-H1-0.5B-Instruct,5,0,0.000000,falcon_loo_trace_5;loo_no_fit_single_class_train,none_nonleaky_train_single_class
tiiuae/Falcon-H1-0.5B-Instruct,6,0,0.000000,falcon_loo_trace_6;loo_no_fit_single_class_train,none_nonleaky_train_single_class
tiiuae/Falcon-H1-0.5B-Instruct,7,0,0.000000,falcon_loo_trace_7;loo_no_fit_single_class_train,none_nonleaky_train_single_class
tiiuae/Falcon-H1-0.5B-Instruct,8,0,0.000000,falcon_loo_trace_8;loo_no_fit_single_class_train,none_nonleaky_train_single_class
tiiuae/Falcon-H1-0.5B-Instruct,9,0,0.000000,falcon_loo_trace_9;loo_no_fit_single_class_train,none_nonleaky_train_single_class
tiiuae/Falcon-H1-0.5B-Instruct,10,0,0.000000,falcon_loo_trace_10;loo_no_fit_single_class_train,none_nonleaky_train_single_class
tiiuae/Falcon-H1-0.5B-Instruct,11,0,0.000000,falcon_loo_trace_11;loo_no_fit_single_class_train,none_nonleaky_train_single_class
deepseek-ai/DeepSeek-R1-Distill-Qwen-1.5B,0,0,0.000000,deepseek_loo_trace_0;stump:input_token_count:ge:159:train_ba=0.900,stump:input_token_count:ge:159
deepseek-ai/DeepSeek-R1-Distill-Qwen-1.5B,1,1,0.000000,deepseek_loo_trace_1;loo_no_fit_single_class_train,none_nonleaky_train_single_class
deepseek-ai/DeepSeek-R1-Distill-Qwen-1.5B,2,0,0.500000,deepseek_loo_trace_2;stump:late_layer_mean_share:ge:0.585534:train_ba=0.950,stump:late_layer_mean_share:ge:0.585534
deepseek-ai/DeepSeek-R1-Distill-Qwen-1.5B,3,0,0.000000,deepseek_loo_trace_3;stump:input_token_count:ge:159:train_ba=0.900,stump:input_token_count:ge:159
deepseek-ai/DeepSeek-R1-Distill-Qwen-1.5B,4,0,0.000000,deepseek_loo_trace_4;stump:input_token_count:ge:159:train_ba=0.900,stump:input_token_count:ge:159
deepseek-ai/DeepSeek-R1-Distill-Qwen-1.5B,5,0,0.000000,deepseek_loo_trace_5;stump:input_token_count:ge:159:train_ba=0.900,stump:input_token_count:ge:159
deepseek-ai/DeepSeek-R1-Distill-Qwen-1.5B,6,0,0.500000,deepseek_loo_trace_6;stump:late_layer_mean_share:ge:0.585534:train_ba=0.950,stump:late_layer_mean_share:ge:0.585534
deepseek-ai/DeepSeek-R1-Distill-Qwen-1.5B,7,0,0.000000,deepseek_loo_trace_7;stump:input_token_count:ge:159:train_ba=0.900,stump:input_token_count:ge:159
deepseek-ai/DeepSeek-R1-Distill-Qwen-1.5B,8,0,0.000000,deepseek_loo_trace_8;stump:input_token_count:ge:159:train_ba=0.900,stump:input_token_count:ge:159
deepseek-ai/DeepSeek-R1-Distill-Qwen-1.5B,9,0,0.500000,deepseek_loo_trace_9;stump:input_token_count:ge:159:train_ba=0.950,stump:input_token_count:ge:159
deepseek-ai/DeepSeek-R1-Distill-Qwen-1.5B,10,0,0.500000,deepseek_loo_trace_10;stump:input_token_count:ge:159:train_ba=0.950,stump:input_token_count:ge:159
deepseek-ai/DeepSeek-R1-Distill-Qwen-1.5B,11,0,0.000000,deepseek_loo_trace_11;stump:input_token_count:ge:159:train_ba=0.900,stump:input_token_count:ge:159
nvidia/NVIDIA-Nemotron-3-Nano-30B-A3B-BF16,0,0,1.000000,nemotron_loo_trace_0;stump:input_token_count:le:102:train_ba=1.000,stump:input_token_count:le:102
nvidia/NVIDIA-Nemotron-3-Nano-30B-A3B-BF16,1,0,0.000000,nemotron_loo_trace_1;stump:input_token_count:le:102:train_ba=0.944,stump:input_token_count:le:102
nvidia/NVIDIA-Nemotron-3-Nano-30B-A3B-BF16,2,0,0.000000,nemotron_loo_trace_2;stump:input_token_count:le:102:train_ba=0.944,stump:input_token_count:le:102
nvidia/NVIDIA-Nemotron-3-Nano-30B-A3B-BF16,3,1,0.000000,nemotron_loo_trace_3;stump:pos100_mean:ge:2.40342:train_ba=1.000,stump:pos100_mean:ge:2.40342
nvidia/NVIDIA-Nemotron-3-Nano-30B-A3B-BF16,4,1,0.000000,nemotron_loo_trace_4;stump:row_top1_mean:le:18.0794:train_ba=1.000,stump:row_top1_mean:le:18.0794
nvidia/NVIDIA-Nemotron-3-Nano-30B-A3B-BF16,5,0,0.666667,nemotron_loo_trace_5;stump:input_token_count:le:109.5:train_ba=0.944,stump:input_token_count:le:109.5
nvidia/NVIDIA-Nemotron-3-Nano-30B-A3B-BF16,6,0,0.000000,nemotron_loo_trace_6;stump:input_token_count:le:102:train_ba=0.944,stump:input_token_count:le:102
nvidia/NVIDIA-Nemotron-3-Nano-30B-A3B-BF16,7,0,0.000000,nemotron_loo_trace_7;stump:input_token_count:le:102:train_ba=0.944,stump:input_token_count:le:102
nvidia/NVIDIA-Nemotron-3-Nano-30B-A3B-BF16,8,0,0.000000,nemotron_loo_trace_8;stump:input_token_count:le:102:train_ba=0.944,stump:input_token_count:le:102
nvidia/NVIDIA-Nemotron-3-Nano-30B-A3B-BF16,9,0,0.000000,nemotron_loo_trace_9;stump:input_token_count:le:102:train_ba=0.944,stump:input_token_count:le:102
nvidia/NVIDIA-Nemotron-3-Nano-30B-A3B-BF16,10,0,0.000000,nemotron_loo_trace_10;stump:input_token_count:le:102:train_ba=0.944,stump:input_token_count:le:102
nvidia/NVIDIA-Nemotron-3-Nano-30B-A3B-BF16,11,0,0.000000,nemotron_loo_trace_11;stump:input_token_count:le:102:train_ba=0.944,stump:input_token_count:le:102
