model,layer_index,migration_fraction_mean,trace_count,source
ibm-granite/granite-4.0-h-small,0,0.8597560975609756,24,experimental/outlier_migrate/phase1/results/om_phase1_20260508T014959Z/metrics.json
ibm-granite/granite-4.0-h-small,1,0.8363821138211383,24,experimental/outlier_migrate/phase1/results/om_phase1_20260508T014959Z/metrics.json
ibm-granite/granite-4.0-h-small,2,0.8495934959349594,24,experimental/outlier_migrate/phase1/results/om_phase1_20260508T014959Z/metrics.json
ibm-granite/granite-4.0-h-small,3,0.8607723577235772,24,experimental/outlier_migrate/phase1/results/om_phase1_20260508T014959Z/metrics.json
ibm-granite/granite-4.0-h-small,4,0.8617886178861789,24,experimental/outlier_migrate/phase1/results/om_phase1_20260508T014959Z/metrics.json
ibm-granite/granite-4.0-h-small,5,0.8638211382113821,24,experimental/outlier_migrate/phase1/results/om_phase1_20260508T014959Z/metrics.json
ibm-granite/granite-4.0-h-small,6,0.8628048780487805,24,experimental/outlier_migrate/phase1/results/om_phase1_20260508T014959Z/metrics.json
ibm-granite/granite-4.0-h-small,7,0.8495934959349594,24,experimental/outlier_migrate/phase1/results/om_phase1_20260508T014959Z/metrics.json
ibm-granite/granite-4.0-h-small,8,0.8689024390243902,24,experimental/outlier_migrate/phase1/results/om_phase1_20260508T014959Z/metrics.json
ibm-granite/granite-4.0-h-small,9,0.8455284552845528,24,experimental/outlier_migrate/phase1/results/om_phase1_20260508T014959Z/metrics.json
ibm-granite/granite-4.0-h-small,10,0.8678861788617886,24,experimental/outlier_migrate/phase1/results/om_phase1_20260508T014959Z/metrics.json
ibm-granite/granite-4.0-h-small,11,0.8678861788617886,24,experimental/outlier_migrate/phase1/results/om_phase1_20260508T014959Z/metrics.json
ibm-granite/granite-4.0-h-small,12,0.8699186991869918,24,experimental/outlier_migrate/phase1/results/om_phase1_20260508T014959Z/metrics.json
ibm-granite/granite-4.0-h-small,13,0.8404471544715447,24,experimental/outlier_migrate/phase1/results/om_phase1_20260508T014959Z/metrics.json
ibm-granite/granite-4.0-h-small,14,0.8567073170731707,24,experimental/outlier_migrate/phase1/results/om_phase1_20260508T014959Z/metrics.json
ibm-granite/granite-4.0-h-small,15,0.8252032520325203,24,experimental/outlier_migrate/phase1/results/om_phase1_20260508T014959Z/metrics.json
ibm-granite/granite-4.0-h-small,16,0.8353658536585366,24,experimental/outlier_migrate/phase1/results/om_phase1_20260508T014959Z/metrics.json
ibm-granite/granite-4.0-h-small,17,0.8373983739837398,24,experimental/outlier_migrate/phase1/results/om_phase1_20260508T014959Z/metrics.json
ibm-granite/granite-4.0-h-small,18,0.8404471544715447,24,experimental/outlier_migrate/phase1/results/om_phase1_20260508T014959Z/metrics.json
ibm-granite/granite-4.0-h-small,19,0.8323170731707317,24,experimental/outlier_migrate/phase1/results/om_phase1_20260508T014959Z/metrics.json
ibm-granite/granite-4.0-h-small,20,0.8445121951219512,24,experimental/outlier_migrate/phase1/results/om_phase1_20260508T014959Z/metrics.json
ibm-granite/granite-4.0-h-small,21,0.8414634146341463,24,experimental/outlier_migrate/phase1/results/om_phase1_20260508T014959Z/metrics.json
ibm-granite/granite-4.0-h-small,22,0.8526422764227642,24,experimental/outlier_migrate/phase1/results/om_phase1_20260508T014959Z/metrics.json
ibm-granite/granite-4.0-h-small,23,0.8516260162601625,24,experimental/outlier_migrate/phase1/results/om_phase1_20260508T014959Z/metrics.json
ibm-granite/granite-4.0-h-small,24,0.8709349593495935,24,experimental/outlier_migrate/phase1/results/om_phase1_20260508T014959Z/metrics.json
ibm-granite/granite-4.0-h-small,25,0.8526422764227642,24,experimental/outlier_migrate/phase1/results/om_phase1_20260508T014959Z/metrics.json
ibm-granite/granite-4.0-h-small,26,0.8384146341463414,24,experimental/outlier_migrate/phase1/results/om_phase1_20260508T014959Z/metrics.json
ibm-granite/granite-4.0-h-small,27,0.8384146341463414,24,experimental/outlier_migrate/phase1/results/om_phase1_20260508T014959Z/metrics.json
ibm-granite/granite-4.0-h-small,28,0.8404471544715447,24,experimental/outlier_migrate/phase1/results/om_phase1_20260508T014959Z/metrics.json
ibm-granite/granite-4.0-h-small,29,0.8445121951219512,24,experimental/outlier_migrate/phase1/results/om_phase1_20260508T014959Z/metrics.json
ibm-granite/granite-4.0-h-small,30,0.8384146341463414,24,experimental/outlier_migrate/phase1/results/om_phase1_20260508T014959Z/metrics.json
ibm-granite/granite-4.0-h-small,31,0.842479674796748,24,experimental/outlier_migrate/phase1/results/om_phase1_20260508T014959Z/metrics.json
ibm-granite/granite-4.0-h-small,32,0.8414634146341463,24,experimental/outlier_migrate/phase1/results/om_phase1_20260508T014959Z/metrics.json
ibm-granite/granite-4.0-h-small,33,0.8282520325203252,24,experimental/outlier_migrate/phase1/results/om_phase1_20260508T014959Z/metrics.json
ibm-granite/granite-4.0-h-small,34,0.7997967479674797,24,experimental/outlier_migrate/phase1/results/om_phase1_20260508T014959Z/metrics.json
ibm-granite/granite-4.0-h-small,35,0.8313008130081301,24,experimental/outlier_migrate/phase1/results/om_phase1_20260508T014959Z/metrics.json
ibm-granite/granite-4.0-h-small,36,0.8109756097560976,24,experimental/outlier_migrate/phase1/results/om_phase1_20260508T014959Z/metrics.json
ibm-granite/granite-4.0-h-small,37,0.8191056910569106,24,experimental/outlier_migrate/phase1/results/om_phase1_20260508T014959Z/metrics.json
ibm-granite/granite-4.0-h-small,38,0.8038617886178862,24,experimental/outlier_migrate/phase1/results/om_phase1_20260508T014959Z/metrics.json
ibm-granite/granite-4.0-h-small,39,0.8028455284552846,24,experimental/outlier_migrate/phase1/results/om_phase1_20260508T014959Z/metrics.json
nvidia/NVIDIA-Nemotron-3-Nano-30B-A3B-BF16,0,0.6558641975308642,24,experimental/outlier_migrate/phase2/results/om_phase2_nemotron3_20260508T231723Z/metrics.json
nvidia/NVIDIA-Nemotron-3-Nano-30B-A3B-BF16,1,0.7114197530864197,24,experimental/outlier_migrate/phase2/results/om_phase2_nemotron3_20260508T231723Z/metrics.json
nvidia/NVIDIA-Nemotron-3-Nano-30B-A3B-BF16,2,0.7638888888888888,24,experimental/outlier_migrate/phase2/results/om_phase2_nemotron3_20260508T231723Z/metrics.json
nvidia/NVIDIA-Nemotron-3-Nano-30B-A3B-BF16,3,0.7623456790123456,24,experimental/outlier_migrate/phase2/results/om_phase2_nemotron3_20260508T231723Z/metrics.json
nvidia/NVIDIA-Nemotron-3-Nano-30B-A3B-BF16,4,0.7854938271604938,24,experimental/outlier_migrate/phase2/results/om_phase2_nemotron3_20260508T231723Z/metrics.json
nvidia/NVIDIA-Nemotron-3-Nano-30B-A3B-BF16,5,0.8194444444444444,24,experimental/outlier_migrate/phase2/results/om_phase2_nemotron3_20260508T231723Z/metrics.json
nvidia/NVIDIA-Nemotron-3-Nano-30B-A3B-BF16,6,0.8657407407407407,24,experimental/outlier_migrate/phase2/results/om_phase2_nemotron3_20260508T231723Z/metrics.json
nvidia/NVIDIA-Nemotron-3-Nano-30B-A3B-BF16,7,0.8425925925925926,24,experimental/outlier_migrate/phase2/results/om_phase2_nemotron3_20260508T231723Z/metrics.json
nvidia/NVIDIA-Nemotron-3-Nano-30B-A3B-BF16,8,0.8487654320987654,24,experimental/outlier_migrate/phase2/results/om_phase2_nemotron3_20260508T231723Z/metrics.json
nvidia/NVIDIA-Nemotron-3-Nano-30B-A3B-BF16,9,0.8580246913580246,24,experimental/outlier_migrate/phase2/results/om_phase2_nemotron3_20260508T231723Z/metrics.json
nvidia/NVIDIA-Nemotron-3-Nano-30B-A3B-BF16,10,0.845679012345679,24,experimental/outlier_migrate/phase2/results/om_phase2_nemotron3_20260508T231723Z/metrics.json
nvidia/NVIDIA-Nemotron-3-Nano-30B-A3B-BF16,11,0.8395061728395061,24,experimental/outlier_migrate/phase2/results/om_phase2_nemotron3_20260508T231723Z/metrics.json
nvidia/NVIDIA-Nemotron-3-Nano-30B-A3B-BF16,12,0.8626543209876543,24,experimental/outlier_migrate/phase2/results/om_phase2_nemotron3_20260508T231723Z/metrics.json
nvidia/NVIDIA-Nemotron-3-Nano-30B-A3B-BF16,13,0.8549382716049383,24,experimental/outlier_migrate/phase2/results/om_phase2_nemotron3_20260508T231723Z/metrics.json
nvidia/NVIDIA-Nemotron-3-Nano-30B-A3B-BF16,14,0.845679012345679,24,experimental/outlier_migrate/phase2/results/om_phase2_nemotron3_20260508T231723Z/metrics.json
nvidia/NVIDIA-Nemotron-3-Nano-30B-A3B-BF16,15,0.8641975308641975,24,experimental/outlier_migrate/phase2/results/om_phase2_nemotron3_20260508T231723Z/metrics.json
nvidia/NVIDIA-Nemotron-3-Nano-30B-A3B-BF16,16,0.8873456790123456,24,experimental/outlier_migrate/phase2/results/om_phase2_nemotron3_20260508T231723Z/metrics.json
nvidia/NVIDIA-Nemotron-3-Nano-30B-A3B-BF16,17,0.8888888888888888,24,experimental/outlier_migrate/phase2/results/om_phase2_nemotron3_20260508T231723Z/metrics.json
nvidia/NVIDIA-Nemotron-3-Nano-30B-A3B-BF16,18,0.8966049382716049,24,experimental/outlier_migrate/phase2/results/om_phase2_nemotron3_20260508T231723Z/metrics.json
nvidia/NVIDIA-Nemotron-3-Nano-30B-A3B-BF16,19,0.875,24,experimental/outlier_migrate/phase2/results/om_phase2_nemotron3_20260508T231723Z/metrics.json
nvidia/NVIDIA-Nemotron-3-Nano-30B-A3B-BF16,20,0.8796296296296297,24,experimental/outlier_migrate/phase2/results/om_phase2_nemotron3_20260508T231723Z/metrics.json
nvidia/NVIDIA-Nemotron-3-Nano-30B-A3B-BF16,21,0.8780864197530864,24,experimental/outlier_migrate/phase2/results/om_phase2_nemotron3_20260508T231723Z/metrics.json
nvidia/NVIDIA-Nemotron-3-Nano-30B-A3B-BF16,22,0.875,24,experimental/outlier_migrate/phase2/results/om_phase2_nemotron3_20260508T231723Z/metrics.json
nvidia/NVIDIA-Nemotron-3-Nano-30B-A3B-BF16,23,0.8672839506172839,24,experimental/outlier_migrate/phase2/results/om_phase2_nemotron3_20260508T231723Z/metrics.json
nvidia/NVIDIA-Nemotron-3-Nano-30B-A3B-BF16,24,0.845679012345679,24,experimental/outlier_migrate/phase2/results/om_phase2_nemotron3_20260508T231723Z/metrics.json
nvidia/NVIDIA-Nemotron-3-Nano-30B-A3B-BF16,25,0.8580246913580246,24,experimental/outlier_migrate/phase2/results/om_phase2_nemotron3_20260508T231723Z/metrics.json
nvidia/NVIDIA-Nemotron-3-Nano-30B-A3B-BF16,26,0.8425925925925926,24,experimental/outlier_migrate/phase2/results/om_phase2_nemotron3_20260508T231723Z/metrics.json
nvidia/NVIDIA-Nemotron-3-Nano-30B-A3B-BF16,27,0.8240740740740741,24,experimental/outlier_migrate/phase2/results/om_phase2_nemotron3_20260508T231723Z/metrics.json
nvidia/NVIDIA-Nemotron-3-Nano-30B-A3B-BF16,28,0.8348765432098765,24,experimental/outlier_migrate/phase2/results/om_phase2_nemotron3_20260508T231723Z/metrics.json
nvidia/NVIDIA-Nemotron-3-Nano-30B-A3B-BF16,29,0.8256172839506173,24,experimental/outlier_migrate/phase2/results/om_phase2_nemotron3_20260508T231723Z/metrics.json
nvidia/NVIDIA-Nemotron-3-Nano-30B-A3B-BF16,30,0.8148148148148148,24,experimental/outlier_migrate/phase2/results/om_phase2_nemotron3_20260508T231723Z/metrics.json
nvidia/NVIDIA-Nemotron-3-Nano-30B-A3B-BF16,31,0.808641975308642,24,experimental/outlier_migrate/phase2/results/om_phase2_nemotron3_20260508T231723Z/metrics.json
nvidia/NVIDIA-Nemotron-3-Nano-30B-A3B-BF16,32,0.7947530864197531,24,experimental/outlier_migrate/phase2/results/om_phase2_nemotron3_20260508T231723Z/metrics.json
nvidia/NVIDIA-Nemotron-3-Nano-30B-A3B-BF16,33,0.8117283950617283,24,experimental/outlier_migrate/phase2/results/om_phase2_nemotron3_20260508T231723Z/metrics.json
nvidia/NVIDIA-Nemotron-3-Nano-30B-A3B-BF16,34,0.7700617283950617,24,experimental/outlier_migrate/phase2/results/om_phase2_nemotron3_20260508T231723Z/metrics.json
nvidia/NVIDIA-Nemotron-3-Nano-30B-A3B-BF16,35,0.7824074074074074,24,experimental/outlier_migrate/phase2/results/om_phase2_nemotron3_20260508T231723Z/metrics.json
nvidia/NVIDIA-Nemotron-3-Nano-30B-A3B-BF16,36,0.7716049382716049,24,experimental/outlier_migrate/phase2/results/om_phase2_nemotron3_20260508T231723Z/metrics.json
nvidia/NVIDIA-Nemotron-3-Nano-30B-A3B-BF16,37,0.787037037037037,24,experimental/outlier_migrate/phase2/results/om_phase2_nemotron3_20260508T231723Z/metrics.json
nvidia/NVIDIA-Nemotron-3-Nano-30B-A3B-BF16,38,0.7777777777777778,24,experimental/outlier_migrate/phase2/results/om_phase2_nemotron3_20260508T231723Z/metrics.json
nvidia/NVIDIA-Nemotron-3-Nano-30B-A3B-BF16,39,0.7762345679012346,24,experimental/outlier_migrate/phase2/results/om_phase2_nemotron3_20260508T231723Z/metrics.json
nvidia/NVIDIA-Nemotron-3-Nano-30B-A3B-BF16,40,0.7885802469135802,24,experimental/outlier_migrate/phase2/results/om_phase2_nemotron3_20260508T231723Z/metrics.json
nvidia/NVIDIA-Nemotron-3-Nano-30B-A3B-BF16,41,0.7716049382716049,24,experimental/outlier_migrate/phase2/results/om_phase2_nemotron3_20260508T231723Z/metrics.json
nvidia/NVIDIA-Nemotron-3-Nano-30B-A3B-BF16,42,0.7839506172839507,24,experimental/outlier_migrate/phase2/results/om_phase2_nemotron3_20260508T231723Z/metrics.json
nvidia/NVIDIA-Nemotron-3-Nano-30B-A3B-BF16,43,0.7993827160493827,24,experimental/outlier_migrate/phase2/results/om_phase2_nemotron3_20260508T231723Z/metrics.json
nvidia/NVIDIA-Nemotron-3-Nano-30B-A3B-BF16,44,0.8348765432098766,24,experimental/outlier_migrate/phase2/results/om_phase2_nemotron3_20260508T231723Z/metrics.json
nvidia/NVIDIA-Nemotron-3-Nano-30B-A3B-BF16,45,0.8055555555555556,24,experimental/outlier_migrate/phase2/results/om_phase2_nemotron3_20260508T231723Z/metrics.json
nvidia/NVIDIA-Nemotron-3-Nano-30B-A3B-BF16,46,0.816358024691358,24,experimental/outlier_migrate/phase2/results/om_phase2_nemotron3_20260508T231723Z/metrics.json
nvidia/NVIDIA-Nemotron-3-Nano-30B-A3B-BF16,47,0.8240740740740741,24,experimental/outlier_migrate/phase2/results/om_phase2_nemotron3_20260508T231723Z/metrics.json
nvidia/NVIDIA-Nemotron-3-Nano-30B-A3B-BF16,48,0.7993827160493827,24,experimental/outlier_migrate/phase2/results/om_phase2_nemotron3_20260508T231723Z/metrics.json
nvidia/NVIDIA-Nemotron-3-Nano-30B-A3B-BF16,49,0.8070987654320988,24,experimental/outlier_migrate/phase2/results/om_phase2_nemotron3_20260508T231723Z/metrics.json
nvidia/NVIDIA-Nemotron-3-Nano-30B-A3B-BF16,50,0.8271604938271605,24,experimental/outlier_migrate/phase2/results/om_phase2_nemotron3_20260508T231723Z/metrics.json
nvidia/NVIDIA-Nemotron-3-Nano-30B-A3B-BF16,51,0.8240740740740741,24,experimental/outlier_migrate/phase2/results/om_phase2_nemotron3_20260508T231723Z/metrics.json
tiiuae/Falcon-H1-0.5B-Instruct,0,0.8181818181818182,24,experimental/outlier_migrate/phase7/results/om_phase7_falcon_h1_20260512T223600Z/metrics.json
tiiuae/Falcon-H1-0.5B-Instruct,1,0.8143939393939394,24,experimental/outlier_migrate/phase7/results/om_phase7_falcon_h1_20260512T223600Z/metrics.json
tiiuae/Falcon-H1-0.5B-Instruct,2,0.8106060606060607,24,experimental/outlier_migrate/phase7/results/om_phase7_falcon_h1_20260512T223600Z/metrics.json
tiiuae/Falcon-H1-0.5B-Instruct,3,0.8106060606060607,24,experimental/outlier_migrate/phase7/results/om_phase7_falcon_h1_20260512T223600Z/metrics.json
tiiuae/Falcon-H1-0.5B-Instruct,4,0.8181818181818182,24,experimental/outlier_migrate/phase7/results/om_phase7_falcon_h1_20260512T223600Z/metrics.json
tiiuae/Falcon-H1-0.5B-Instruct,5,0.8295454545454546,24,experimental/outlier_migrate/phase7/results/om_phase7_falcon_h1_20260512T223600Z/metrics.json
tiiuae/Falcon-H1-0.5B-Instruct,6,0.8333333333333334,24,experimental/outlier_migrate/phase7/results/om_phase7_falcon_h1_20260512T223600Z/metrics.json
tiiuae/Falcon-H1-0.5B-Instruct,7,0.8560606060606061,24,experimental/outlier_migrate/phase7/results/om_phase7_falcon_h1_20260512T223600Z/metrics.json
tiiuae/Falcon-H1-0.5B-Instruct,8,0.8484848484848485,24,experimental/outlier_migrate/phase7/results/om_phase7_falcon_h1_20260512T223600Z/metrics.json
tiiuae/Falcon-H1-0.5B-Instruct,9,0.8295454545454546,24,experimental/outlier_migrate/phase7/results/om_phase7_falcon_h1_20260512T223600Z/metrics.json
tiiuae/Falcon-H1-0.5B-Instruct,10,0.8371212121212122,24,experimental/outlier_migrate/phase7/results/om_phase7_falcon_h1_20260512T223600Z/metrics.json
tiiuae/Falcon-H1-0.5B-Instruct,11,0.8143939393939394,24,experimental/outlier_migrate/phase7/results/om_phase7_falcon_h1_20260512T223600Z/metrics.json
tiiuae/Falcon-H1-0.5B-Instruct,12,0.8257575757575758,24,experimental/outlier_migrate/phase7/results/om_phase7_falcon_h1_20260512T223600Z/metrics.json
tiiuae/Falcon-H1-0.5B-Instruct,13,0.8106060606060607,24,experimental/outlier_migrate/phase7/results/om_phase7_falcon_h1_20260512T223600Z/metrics.json
tiiuae/Falcon-H1-0.5B-Instruct,14,0.8068181818181819,24,experimental/outlier_migrate/phase7/results/om_phase7_falcon_h1_20260512T223600Z/metrics.json
tiiuae/Falcon-H1-0.5B-Instruct,15,0.8106060606060607,24,experimental/outlier_migrate/phase7/results/om_phase7_falcon_h1_20260512T223600Z/metrics.json
tiiuae/Falcon-H1-0.5B-Instruct,16,0.7992424242424243,24,experimental/outlier_migrate/phase7/results/om_phase7_falcon_h1_20260512T223600Z/metrics.json
tiiuae/Falcon-H1-0.5B-Instruct,17,0.8068181818181819,24,experimental/outlier_migrate/phase7/results/om_phase7_falcon_h1_20260512T223600Z/metrics.json
tiiuae/Falcon-H1-0.5B-Instruct,18,0.821969696969697,24,experimental/outlier_migrate/phase7/results/om_phase7_falcon_h1_20260512T223600Z/metrics.json
tiiuae/Falcon-H1-0.5B-Instruct,19,0.7878787878787878,24,experimental/outlier_migrate/phase7/results/om_phase7_falcon_h1_20260512T223600Z/metrics.json
tiiuae/Falcon-H1-0.5B-Instruct,20,0.7916666666666666,24,experimental/outlier_migrate/phase7/results/om_phase7_falcon_h1_20260512T223600Z/metrics.json
tiiuae/Falcon-H1-0.5B-Instruct,21,0.7840909090909091,24,experimental/outlier_migrate/phase7/results/om_phase7_falcon_h1_20260512T223600Z/metrics.json
tiiuae/Falcon-H1-0.5B-Instruct,22,0.7803030303030303,24,experimental/outlier_migrate/phase7/results/om_phase7_falcon_h1_20260512T223600Z/metrics.json
tiiuae/Falcon-H1-0.5B-Instruct,23,0.75,24,experimental/outlier_migrate/phase7/results/om_phase7_falcon_h1_20260512T223600Z/metrics.json
tiiuae/Falcon-H1-0.5B-Instruct,24,0.75,24,experimental/outlier_migrate/phase7/results/om_phase7_falcon_h1_20260512T223600Z/metrics.json
tiiuae/Falcon-H1-0.5B-Instruct,25,0.7613636363636364,24,experimental/outlier_migrate/phase7/results/om_phase7_falcon_h1_20260512T223600Z/metrics.json
tiiuae/Falcon-H1-0.5B-Instruct,26,0.7689393939393939,24,experimental/outlier_migrate/phase7/results/om_phase7_falcon_h1_20260512T223600Z/metrics.json
tiiuae/Falcon-H1-0.5B-Instruct,27,0.7575757575757576,24,experimental/outlier_migrate/phase7/results/om_phase7_falcon_h1_20260512T223600Z/metrics.json
tiiuae/Falcon-H1-0.5B-Instruct,28,0.7613636363636364,24,experimental/outlier_migrate/phase7/results/om_phase7_falcon_h1_20260512T223600Z/metrics.json
tiiuae/Falcon-H1-0.5B-Instruct,29,0.7537878787878788,24,experimental/outlier_migrate/phase7/results/om_phase7_falcon_h1_20260512T223600Z/metrics.json
tiiuae/Falcon-H1-0.5B-Instruct,30,0.7272727272727273,24,experimental/outlier_migrate/phase7/results/om_phase7_falcon_h1_20260512T223600Z/metrics.json
tiiuae/Falcon-H1-0.5B-Instruct,31,0.7045454545454546,24,experimental/outlier_migrate/phase7/results/om_phase7_falcon_h1_20260512T223600Z/metrics.json
tiiuae/Falcon-H1-0.5B-Instruct,32,0.7007575757575758,24,experimental/outlier_migrate/phase7/results/om_phase7_falcon_h1_20260512T223600Z/metrics.json
tiiuae/Falcon-H1-0.5B-Instruct,33,0.6742424242424242,24,experimental/outlier_migrate/phase7/results/om_phase7_falcon_h1_20260512T223600Z/metrics.json
tiiuae/Falcon-H1-0.5B-Instruct,34,0.6628787878787878,24,experimental/outlier_migrate/phase7/results/om_phase7_falcon_h1_20260512T223600Z/metrics.json
tiiuae/Falcon-H1-0.5B-Instruct,35,0.6818181818181818,24,experimental/outlier_migrate/phase7/results/om_phase7_falcon_h1_20260512T223600Z/metrics.json
