module,rank_in_top_score,column,score,activation_ema_sq,delta_norm_sq,selected_in_top8x32
model.layers.14.block_sparse_moe.input_linear,1,3720,2.6170050593350656,3.140256781307452,0.833372950553894,True
model.layers.14.block_sparse_moe.input_linear,2,2793,1.6312126058943488,2.1391492735383095,0.76255202293396,True
model.layers.14.block_sparse_moe.input_linear,3,3765,1.0047188954410273,1.3205915613417056,0.7608097195625305,True
model.layers.14.block_sparse_moe.input_linear,4,1021,0.719146380564913,0.9468633881287098,0.7595038414001465,True
model.layers.14.block_sparse_moe.input_linear,5,14,0.6924126215312735,0.9087257189293431,0.761959969997406,True
model.layers.14.block_sparse_moe.input_linear,6,672,0.6828399570860665,0.8975299105485591,0.7607991099357605,True
model.layers.14.block_sparse_moe.input_linear,7,1725,0.6185779004292286,0.8125362979455937,0.7612926363945007,True
model.layers.14.block_sparse_moe.input_linear,8,3078,0.6175314038159583,0.8098573219986112,0.7625187635421753,True
model.layers.14.block_sparse_moe.input_linear,9,1213,0.6014063601781516,0.7919343284898075,0.7594144344329834,True
model.layers.14.block_sparse_moe.input_linear,10,52,0.5892319006290037,0.7729451489308575,0.7623204588890076,True
model.layers.14.block_sparse_moe.input_linear,11,1268,0.5727424145081905,0.7538474803334813,0.7597590088844299,True
model.layers.14.block_sparse_moe.input_linear,12,2784,0.5587048674211955,0.7345221217131195,0.7606372237205505,True
model.layers.14.block_sparse_moe.input_linear,13,3176,0.5278366159895406,0.6940541316851712,0.7605121731758118,True
model.layers.14.block_sparse_moe.input_linear,14,3789,0.5246826494189892,0.685518650346073,0.7653805613517761,True
model.layers.14.block_sparse_moe.input_linear,15,3070,0.5219832149413103,0.6872639500231659,0.7595090866088867,True
model.layers.14.block_sparse_moe.input_linear,16,1053,0.4977071273641729,0.6550925634611843,0.7597508430480957,True
model.layers.14.block_sparse_moe.input_linear,17,2902,0.46334259682492107,0.6087295117910128,0.7611633539199829,True
model.layers.14.block_sparse_moe.input_linear,18,2650,0.4275000758352196,0.5614005253039694,0.7614885568618774,True
model.layers.14.block_sparse_moe.input_linear,19,1569,0.4111082882638417,0.5398654598079315,0.7615013718605042,True
model.layers.14.block_sparse_moe.input_linear,20,2782,0.40927476057993334,0.5375956989781031,0.7613058686256409,True
model.layers.14.block_sparse_moe.input_linear,21,608,0.40110966910564516,0.5279567905134884,0.7597395777702332,True
model.layers.14.block_sparse_moe.input_linear,22,2808,0.3952522439238162,0.49126159654904716,0.8045657277107239,True
model.layers.14.block_sparse_moe.input_linear,23,3514,0.3743937132352772,0.4930035047101881,0.7594138979911804,True
model.layers.14.block_sparse_moe.input_linear,24,2151,0.3538933170947279,0.46567007044290143,0.7599657773971558,True
model.layers.14.block_sparse_moe.input_linear,25,1656,0.339544034929077,0.44372551408532546,0.7652118802070618,True
model.layers.14.block_sparse_moe.input_linear,26,2002,0.3218579630474331,0.42344800852049586,0.7600885033607483,True
model.layers.14.block_sparse_moe.input_linear,27,2315,0.2640296285158099,0.3470589545841553,0.7607630491256714,True
model.layers.14.block_sparse_moe.input_linear,28,755,0.25554134737878953,0.3357723025659759,0.7610554695129395,True
model.layers.14.block_sparse_moe.input_linear,29,3399,0.23020855792471095,0.3025302904692648,0.7609438300132751,True
model.layers.14.block_sparse_moe.input_linear,30,1841,0.22774759410872514,0.2990942470248198,0.761457622051239,True
model.layers.14.block_sparse_moe.input_linear,31,4040,0.22688866278427783,0.2974540866751027,0.7627686858177185,True
model.layers.14.block_sparse_moe.input_linear,32,3032,0.22394498474846067,0.2942654547626025,0.7610304951667786,True
model.layers.15.block_sparse_moe.input_linear,1,3219,2.1790021563677673,2.8835452719910504,0.7556677460670471,True
model.layers.15.block_sparse_moe.input_linear,2,2053,1.4904850484792918,1.9701283971857417,0.7565420866012573,True
model.layers.15.block_sparse_moe.input_linear,3,499,1.1579839226747186,1.5288182135430801,0.7574372887611389,True
model.layers.15.block_sparse_moe.input_linear,4,729,1.0551017146258148,1.3978443772825477,0.7548062801361084,True
model.layers.15.block_sparse_moe.input_linear,5,9,0.9258719968622506,1.221290955851456,0.7581092715263367,True
model.layers.15.block_sparse_moe.input_linear,6,1644,0.8414747273538109,1.111155793438219,0.7572968006134033,True
model.layers.15.block_sparse_moe.input_linear,7,1284,0.809429497214317,1.0677590784494657,0.758063793182373,True
model.layers.15.block_sparse_moe.input_linear,8,3022,0.760139725382868,1.0032370795009187,0.7576870322227478,True
model.layers.15.block_sparse_moe.input_linear,9,55,0.7591363183836739,0.9950239394275643,0.7629327178001404,True
model.layers.15.block_sparse_moe.input_linear,10,1037,0.7168034608688169,0.9495959817546687,0.7548509836196899,True
model.layers.15.block_sparse_moe.input_linear,11,3355,0.7157997232879766,0.9437661184023505,0.7584503293037415,True
model.layers.15.block_sparse_moe.input_linear,12,1224,0.6996042304263245,0.9269149052420241,0.7547664046287537,True
model.layers.15.block_sparse_moe.input_linear,13,3073,0.693546410162004,0.9182851076592671,0.7552626132965088,True
model.layers.15.block_sparse_moe.input_linear,14,3144,0.664156695357166,0.8779522429240426,0.7564838528633118,True
model.layers.15.block_sparse_moe.input_linear,15,2315,0.6519434391129845,0.8628825008519242,0.7555413842201233,True
model.layers.15.block_sparse_moe.input_linear,16,2529,0.5871764069513163,0.7757075892969121,0.7569558620452881,True
model.layers.15.block_sparse_moe.input_linear,17,260,0.5843125593827457,0.7736339370331885,0.755282998085022,True
model.layers.15.block_sparse_moe.input_linear,18,2237,0.5707080470924392,0.7543639107459679,0.7565420866012573,True
model.layers.15.block_sparse_moe.input_linear,19,1434,0.5405322557232235,0.7125706370329437,0.7585665583610535,True
model.layers.15.block_sparse_moe.input_linear,20,2401,0.5246489195814605,0.6948670892099579,0.7550349235534668,True
model.layers.15.block_sparse_moe.input_linear,21,1675,0.45756707713539,0.6058643418515498,0.7552302479743958,True
model.layers.15.block_sparse_moe.input_linear,22,686,0.4431817800002358,0.5850641694787431,0.7574926018714905,True
model.layers.15.block_sparse_moe.input_linear,23,3667,0.4345725098203986,0.5736697955607435,0.7575307488441467,True
model.layers.15.block_sparse_moe.input_linear,24,253,0.4298260211487447,0.5687322666966985,0.7557616233825684,True
model.layers.15.block_sparse_moe.input_linear,25,1166,0.42101695336986994,0.5577166373482423,0.7548940181732178,True
model.layers.15.block_sparse_moe.input_linear,26,3325,0.41214541452173703,0.5456781729793362,0.7552902698516846,True
model.layers.15.block_sparse_moe.input_linear,27,3969,0.41192655087749824,0.5435361581305935,0.7578641176223755,True
model.layers.15.block_sparse_moe.input_linear,28,639,0.3830671017324951,0.5073516984741748,0.7550326585769653,True
model.layers.15.block_sparse_moe.input_linear,29,1213,0.3797558183350101,0.501597823275512,0.7570922374725342,True
model.layers.15.block_sparse_moe.input_linear,30,565,0.3673632209138806,0.48576444095828064,0.756257951259613,True
model.layers.15.block_sparse_moe.input_linear,31,672,0.34731426949338207,0.45764224683235305,0.7589209079742432,True
model.layers.15.block_sparse_moe.input_linear,32,2922,0.32430078725277806,0.42890512294731964,0.7561131119728088,True
model.layers.2.block_sparse_moe.input_linear,1,573,3.5895889745440397,4.1004997253417965,0.8754028081893921,True
model.layers.2.block_sparse_moe.input_linear,2,1438,1.490282089854668,1.6297574996948243,0.9144195318222046,True
model.layers.2.block_sparse_moe.input_linear,3,1156,1.1911441224643795,1.295987606048584,0.9191014766693115,True
model.layers.2.block_sparse_moe.input_linear,4,1097,1.0774238672740921,1.1860904693603516,0.9083825349807739,True
model.layers.2.block_sparse_moe.input_linear,5,3453,0.9309104182726288,1.0008543014526368,0.930115818977356,True
model.layers.2.block_sparse_moe.input_linear,6,2195,0.9244090487103677,0.981884765625,0.9414638876914978,True
model.layers.2.block_sparse_moe.input_linear,7,2338,0.9083292317727,0.9759876251220703,0.9306769967079163,True
model.layers.2.block_sparse_moe.input_linear,8,1007,0.873734791214207,0.9069088935852051,0.9634206891059875,True
model.layers.2.block_sparse_moe.input_linear,9,2815,0.7444285969031853,0.8215747833251953,0.9060996174812317,True
model.layers.2.block_sparse_moe.input_linear,10,2597,0.7366285525510761,0.8408543586730957,0.8760477304458618,True
model.layers.2.block_sparse_moe.input_linear,11,3619,0.6903264618137996,0.7487424850463867,0.921981155872345,True
model.layers.2.block_sparse_moe.input_linear,12,2173,0.6799699149663496,0.7274989604949951,0.9346678853034973,True
model.layers.2.block_sparse_moe.input_linear,13,3807,0.6413926863274156,0.7350993633270264,0.872525155544281,True
model.layers.2.block_sparse_moe.input_linear,14,1922,0.6107086242054038,0.6809070587158204,0.8969045281410217,True
model.layers.2.block_sparse_moe.input_linear,15,191,0.582109504191476,0.66732816696167,0.8722987174987793,True
model.layers.2.block_sparse_moe.input_linear,16,1134,0.5789812961809729,0.6195709228515625,0.934487521648407,True
model.layers.2.block_sparse_moe.input_linear,17,3398,0.5646812044062471,0.5605920791625977,1.0072942972183228,True
model.layers.2.block_sparse_moe.input_linear,18,414,0.5397163920009747,0.6156142234802247,0.8767120242118835,True
model.layers.2.block_sparse_moe.input_linear,19,348,0.5204787856855546,0.5945098876953125,0.8754754066467285,True
model.layers.2.block_sparse_moe.input_linear,20,3460,0.5057505186102588,0.5620073795318603,0.8999001383781433,True
model.layers.2.block_sparse_moe.input_linear,21,4047,0.49389108427692463,0.5355510711669922,0.9222109913825989,True
model.layers.2.block_sparse_moe.input_linear,22,349,0.4878304363087864,0.5083149909973145,0.9597010612487793,True
model.layers.2.block_sparse_moe.input_linear,23,2044,0.48138894531731463,0.5270769119262695,0.9133182168006897,True
model.layers.2.block_sparse_moe.input_linear,24,2072,0.46366933587743797,0.5297175407409668,0.8753142952919006,True
model.layers.2.block_sparse_moe.input_linear,25,272,0.46026399836854065,0.4772432804107666,0.9644221663475037,True
model.layers.2.block_sparse_moe.input_linear,26,4037,0.45702873799909866,0.4614437103271484,0.9904322624206543,True
model.layers.2.block_sparse_moe.input_linear,27,2216,0.44966711284553185,0.4292860984802246,1.0474765300750732,True
model.layers.2.block_sparse_moe.input_linear,28,1978,0.44925731938432706,0.4843462944030762,0.9275539517402649,True
model.layers.2.block_sparse_moe.input_linear,29,941,0.41392768498980953,0.3961956262588501,1.0447558164596558,True
model.layers.2.block_sparse_moe.input_linear,30,758,0.4102911222303817,0.46913762092590333,0.874564528465271,True
model.layers.2.block_sparse_moe.input_linear,31,762,0.4001676213122039,0.4574456691741943,0.8747872114181519,True
model.layers.2.block_sparse_moe.input_linear,32,3098,0.3693075810478519,0.3917229413986206,0.9427775144577026,True
model.layers.24.block_sparse_moe.input_linear,1,990,1.3406206642523748,1.7420115209605596,0.7695819735527039,True
model.layers.24.block_sparse_moe.input_linear,2,260,1.075371834483814,1.3978690871520518,0.7692936658859253,True
model.layers.24.block_sparse_moe.input_linear,3,2736,1.0214693991737334,1.3286475347679423,0.7688038945198059,True
model.layers.24.block_sparse_moe.input_linear,4,3485,0.8967747991403202,1.1624438858778743,0.7714564204216003,True
model.layers.24.block_sparse_moe.input_linear,5,934,0.859135697329302,1.1091101965558972,0.774617075920105,True
model.layers.24.block_sparse_moe.input_linear,6,988,0.8345517804376608,1.0852659445686117,0.7689836621284485,True
model.layers.24.block_sparse_moe.input_linear,7,3191,0.8292040081832986,1.0744072693901285,0.7717781066894531,True
model.layers.24.block_sparse_moe.input_linear,8,1088,0.7912362417564672,1.0285831856401,0.7692486643791199,True
model.layers.24.block_sparse_moe.input_linear,9,908,0.7197077441603904,0.9337579686114467,0.7707647681236267,True
model.layers.24.block_sparse_moe.input_linear,10,3627,0.7050722595079153,0.9152097828934104,0.7703941464424133,True
model.layers.24.block_sparse_moe.input_linear,11,1292,0.6737454244797588,0.8751948834398722,0.7698233127593994,True
model.layers.24.block_sparse_moe.input_linear,12,264,0.6693240448952232,0.8701525278520678,0.7692031264305115,True
model.layers.24.block_sparse_moe.input_linear,13,831,0.623480469651677,0.8106017899373272,0.7691575288772583,True
model.layers.24.block_sparse_moe.input_linear,14,1153,0.60601078974696,0.7876051733871728,0.7694347500801086,True
model.layers.24.block_sparse_moe.input_linear,15,3365,0.5851191329622722,0.7581829534818049,0.7717387080192566,True
model.layers.24.block_sparse_moe.input_linear,16,3999,0.5080997521140714,0.6611255500181313,0.7685374617576599,True
model.layers.24.block_sparse_moe.input_linear,17,3241,0.4621886316911927,0.6009735958450227,0.7690664529800415,True
model.layers.24.block_sparse_moe.input_linear,18,536,0.4044143423494318,0.5240669314875295,0.7716845273971558,True
model.layers.24.block_sparse_moe.input_linear,19,2884,0.402295269895264,0.5234937647317487,0.7684814929962158,True
model.layers.24.block_sparse_moe.input_linear,20,664,0.38879070502245566,0.5047647988492961,0.7702413201332092,True
model.layers.24.block_sparse_moe.input_linear,21,4028,0.37335001703859777,0.4855846827744038,0.7688669562339783,True
model.layers.24.block_sparse_moe.input_linear,22,2292,0.3599991543132642,0.46666942030016456,0.7714222073554993,True
model.layers.24.block_sparse_moe.input_linear,23,2272,0.3584228136328739,0.465815559431998,0.7694522142410278,True
model.layers.24.block_sparse_moe.input_linear,24,2217,0.35547144520340945,0.45974956295961505,0.7731849551200867,True
model.layers.24.block_sparse_moe.input_linear,25,2349,0.3389526606039928,0.43936012243804634,0.7714688777923584,True
model.layers.24.block_sparse_moe.input_linear,26,253,0.31990453890740156,0.4160729430659643,0.7688664793968201,True
model.layers.24.block_sparse_moe.input_linear,27,2881,0.29636117010436663,0.38490121187295934,0.7699668407440186,True
model.layers.24.block_sparse_moe.input_linear,28,942,0.28436151990506653,0.3692699272338658,0.770064115524292,True
model.layers.24.block_sparse_moe.input_linear,29,1744,0.2821399340969171,0.3663757462790801,0.7700835466384888,True
model.layers.24.block_sparse_moe.input_linear,30,1900,0.26436207603837153,0.34391295377988873,0.7686889171600342,True
model.layers.24.block_sparse_moe.input_linear,31,1982,0.26227311644576234,0.34093095262456546,0.7692851424217224,True
model.layers.24.block_sparse_moe.input_linear,32,3344,0.23267850413030722,0.302174175602116,0.7700145244598389,True
model.layers.28.block_sparse_moe.input_linear,1,2053,3.39331726742202,4.51063900479132,0.7522919178009033,True
model.layers.28.block_sparse_moe.input_linear,2,193,1.9640245896339221,2.602555142083513,0.7546524405479431,True
model.layers.28.block_sparse_moe.input_linear,3,2717,1.8571608179043348,2.452524388979559,0.7572445869445801,True
model.layers.28.block_sparse_moe.input_linear,4,2057,1.6317487160242512,2.167429594797631,0.7528496980667114,True
model.layers.28.block_sparse_moe.input_linear,5,2237,1.452003723614042,1.929035827651649,0.7527095675468445,True
model.layers.28.block_sparse_moe.input_linear,6,988,1.3007176241912557,1.7255615032815654,0.7537938356399536,True
model.layers.28.block_sparse_moe.input_linear,7,3996,1.061730504860565,1.408397833381847,0.7538569569587708,True
model.layers.28.block_sparse_moe.input_linear,8,428,1.058429261695008,1.4024379121813988,0.7547066807746887,True
model.layers.28.block_sparse_moe.input_linear,9,2882,1.0198756595864207,1.3538738123824685,0.7533018589019775,True
model.layers.28.block_sparse_moe.input_linear,10,2368,1.0152933172052945,1.3454945325384868,0.7545874714851379,True
model.layers.28.block_sparse_moe.input_linear,11,20,1.012521197308777,1.3448265491866318,0.7529009580612183,True
model.layers.28.block_sparse_moe.input_linear,12,2202,0.9961803105227651,1.3205020479026839,0.7543951272964478,True
model.layers.28.block_sparse_moe.input_linear,13,515,0.9927138446829858,1.3197116327379081,0.7522202730178833,True
model.layers.28.block_sparse_moe.input_linear,14,3572,0.9315553084745636,1.2383960281566164,0.7522273063659668,True
model.layers.28.block_sparse_moe.input_linear,15,1945,0.8814831786266347,1.1643924858705406,0.7570326924324036,True
model.layers.28.block_sparse_moe.input_linear,16,2415,0.8681250702131235,1.1485487805420638,0.7558451890945435,True
model.layers.28.block_sparse_moe.input_linear,17,706,0.8356208363199022,1.1079704202551197,0.7541905641555786,True
model.layers.28.block_sparse_moe.input_linear,18,2649,0.7935447291472832,1.0548471236182286,0.7522841095924377,True
model.layers.28.block_sparse_moe.input_linear,19,109,0.763064178172263,1.0145058178388442,0.7521535754203796,True
model.layers.28.block_sparse_moe.input_linear,20,3485,0.7353767584228047,0.9777509002536243,0.7521105408668518,True
model.layers.28.block_sparse_moe.input_linear,21,1811,0.7298870712434614,0.9665084071821896,0.755179226398468,True
model.layers.28.block_sparse_moe.input_linear,22,3431,0.6751527991397994,0.8966726713684441,0.7529534697532654,True
model.layers.28.block_sparse_moe.input_linear,23,3065,0.6713458271522474,0.8889968769424349,0.7551723122596741,True
model.layers.28.block_sparse_moe.input_linear,24,3948,0.6664397453653548,0.8830166796182233,0.7547306418418884,True
model.layers.28.block_sparse_moe.input_linear,25,945,0.6660857462375402,0.8833455068957782,0.7540489435195923,True
model.layers.28.block_sparse_moe.input_linear,26,2783,0.6352624377880759,0.8432272282131964,0.7533704042434692,True
model.layers.28.block_sparse_moe.input_linear,27,3399,0.5290632607718665,0.7026904990761714,0.7529107928276062,True
model.layers.28.block_sparse_moe.input_linear,28,2870,0.4869164324858287,0.6461067325681623,0.7536160945892334,True
model.layers.28.block_sparse_moe.input_linear,29,3030,0.45673604725399614,0.6024906075397349,0.7580799460411072,True
model.layers.28.block_sparse_moe.input_linear,30,566,0.4409397904519511,0.5857770548408046,0.7527433633804321,True
model.layers.28.block_sparse_moe.input_linear,31,2488,0.4204909148881895,0.5567769548897641,0.755223274230957,True
model.layers.28.block_sparse_moe.input_linear,32,2182,0.39831715989285704,0.5286808658719296,0.7534170150756836,True
model.layers.37.block_sparse_moe.input_linear,1,3979,17.719947523388317,23.587162016329234,0.7512539029121399,True
model.layers.37.block_sparse_moe.input_linear,2,3032,12.05522782257131,16.046178721448445,0.7512834072113037,True
model.layers.37.block_sparse_moe.input_linear,3,1330,11.473053609436258,15.296705800633141,0.7500342726707458,True
model.layers.37.block_sparse_moe.input_linear,4,2822,10.594010181694898,14.079284288738572,0.7524537444114685,True
model.layers.37.block_sparse_moe.input_linear,5,2977,7.361999483164899,9.77762828162505,0.7529432773590088,True
model.layers.37.block_sparse_moe.input_linear,6,2894,7.341489254108432,9.761392704614687,0.7520944476127625,True
model.layers.37.block_sparse_moe.input_linear,7,387,6.276395350641726,8.350608671901277,0.7516093254089355,True
model.layers.37.block_sparse_moe.input_linear,8,3399,6.244956042101203,8.306858416592771,0.7517831325531006,True
model.layers.37.block_sparse_moe.input_linear,9,3580,5.050697273667785,6.7217532073914885,0.7513958215713501,True
model.layers.37.block_sparse_moe.input_linear,10,957,4.957474345366223,6.609966319134557,0.7499999403953552,True
model.layers.37.block_sparse_moe.input_linear,11,3608,4.511113794225906,5.997902311410923,0.7521152496337891,True
model.layers.37.block_sparse_moe.input_linear,12,1377,4.232487753330304,5.616016448407257,0.7536458969116211,True
model.layers.37.block_sparse_moe.input_linear,13,953,3.6299946179723106,4.8307075731908276,0.7514415979385376,True
model.layers.37.block_sparse_moe.input_linear,14,1232,3.584578476291514,4.7756050848914215,0.7506019473075867,True
model.layers.37.block_sparse_moe.input_linear,15,1170,3.3584348558264594,4.4507300016698075,0.7545806765556335,True
model.layers.37.block_sparse_moe.input_linear,16,709,3.1742479993741015,4.229875351071591,0.7504353523254395,True
model.layers.37.block_sparse_moe.input_linear,17,864,2.538931700559588,3.382012896901707,0.7507161498069763,True
model.layers.37.block_sparse_moe.input_linear,18,896,2.3096103209142513,3.0751830110344636,0.7510480880737305,True
model.layers.37.block_sparse_moe.input_linear,19,3039,2.1318741025236156,2.8413009009016004,0.7503162026405334,True
model.layers.37.block_sparse_moe.input_linear,20,519,1.9990897222375705,2.6565359925570555,0.7525174617767334,True
model.layers.37.block_sparse_moe.input_linear,21,2220,1.9649681452599306,2.614835256886342,0.7514691948890686,True
model.layers.37.block_sparse_moe.input_linear,22,1394,1.91384579140367,2.5198980200780583,0.759493350982666,True
model.layers.37.block_sparse_moe.input_linear,23,3022,1.8670034302080338,2.486127632424789,0.7509684562683105,True
model.layers.37.block_sparse_moe.input_linear,24,3681,1.8212751179107238,2.427048072889593,0.7504075169563293,True
model.layers.37.block_sparse_moe.input_linear,25,1302,1.7890618087626866,2.378431239939949,0.7522024512290955,True
model.layers.37.block_sparse_moe.input_linear,26,3342,1.7834294142607563,2.36949668406507,0.7526617050170898,True
model.layers.37.block_sparse_moe.input_linear,27,3705,1.7418701739791558,2.322469755348161,0.750007688999176,True
model.layers.37.block_sparse_moe.input_linear,28,2,1.694755572365469,2.2583741268299797,0.7504317164421082,True
model.layers.37.block_sparse_moe.input_linear,29,1739,1.6947152566771442,2.2597205514777197,0.7499667406082153,True
model.layers.37.block_sparse_moe.input_linear,30,703,1.6677594373876563,2.221565190593324,0.7507137060165405,True
model.layers.37.block_sparse_moe.input_linear,31,802,1.5986247777512048,2.1274593118118914,0.7514243721961975,True
model.layers.37.block_sparse_moe.input_linear,32,1145,1.5671652533423166,2.0851124813878608,0.7515974640846252,True
model.layers.38.block_sparse_moe.input_linear,1,3016,7.726060244926546,10.14260576550508,0.7617431282997131,True
model.layers.38.block_sparse_moe.input_linear,2,3157,6.8111408585010125,8.91823333770095,0.7637320756912231,True
model.layers.38.block_sparse_moe.input_linear,3,2977,6.222563613793195,8.160170941436828,0.7625530958175659,True
model.layers.38.block_sparse_moe.input_linear,4,936,5.337296950088218,6.999032413609574,0.7625764012336731,True
model.layers.38.block_sparse_moe.input_linear,5,1603,5.0099943866401295,6.566445905681692,0.7629689574241638,True
model.layers.38.block_sparse_moe.input_linear,6,793,4.928531541511365,6.46515658802249,0.7623220682144165,True
model.layers.38.block_sparse_moe.input_linear,7,2930,4.73548658776501,6.208436963702835,0.7627502083778381,True
model.layers.38.block_sparse_moe.input_linear,8,176,4.673694807556818,6.120293236152067,0.7636390328407288,True
model.layers.38.block_sparse_moe.input_linear,9,82,4.517654454219184,5.9136950147595195,0.7639309167861938,True
model.layers.38.block_sparse_moe.input_linear,10,3000,4.353358733031226,5.684931714380791,0.7657715082168579,True
model.layers.38.block_sparse_moe.input_linear,11,3328,4.201336197944274,5.506946612990766,0.7629157304763794,True
model.layers.38.block_sparse_moe.input_linear,12,7,4.0965808491050195,5.369575325056998,0.7629245519638062,True
model.layers.38.block_sparse_moe.input_linear,13,1139,4.077895414159005,5.337201773537115,0.7640511989593506,True
model.layers.38.block_sparse_moe.input_linear,14,2912,4.068547575035375,5.334617132496694,0.7626690864562988,True
model.layers.38.block_sparse_moe.input_linear,15,1772,4.041739159000321,5.286241927772119,0.7645770311355591,True
model.layers.38.block_sparse_moe.input_linear,16,319,3.969544697999269,5.2039166265737755,0.7627994418144226,True
model.layers.38.block_sparse_moe.input_linear,17,317,3.8329084181121615,5.025172733374071,0.7627416253089905,True
model.layers.38.block_sparse_moe.input_linear,18,105,3.821815431240075,5.000294234094787,0.7643181085586548,True
model.layers.38.block_sparse_moe.input_linear,19,1259,3.8049193253960523,4.982906733473686,0.7635943293571472,True
model.layers.38.block_sparse_moe.input_linear,20,3054,3.7366196175811917,4.8893581778569235,0.7642351984977722,True
model.layers.38.block_sparse_moe.input_linear,21,788,3.5387945195368453,4.642586615127593,0.762246310710907,True
model.layers.38.block_sparse_moe.input_linear,22,579,3.4985315014848184,4.582213679125164,0.7635024785995483,True
model.layers.38.block_sparse_moe.input_linear,23,2065,3.4130119801786734,4.47454269468901,0.762762188911438,True
model.layers.38.block_sparse_moe.input_linear,24,2718,3.38146450222538,4.435924034342607,0.762290894985199,True
model.layers.38.block_sparse_moe.input_linear,25,539,3.3771855205172225,4.430006932745708,0.762343168258667,True
model.layers.38.block_sparse_moe.input_linear,26,2027,3.2628496789896775,4.281309155428713,0.762114942073822,True
model.layers.38.block_sparse_moe.input_linear,27,2832,3.121145993515995,4.09745959601057,0.7617270946502686,True
model.layers.38.block_sparse_moe.input_linear,28,2303,3.1078167386372395,4.07956183969158,0.7618016004562378,True
model.layers.38.block_sparse_moe.input_linear,29,534,2.834442707393397,3.7120272724129215,0.7635834813117981,True
model.layers.38.block_sparse_moe.input_linear,30,2220,2.5657170587740636,3.3650800615374123,0.7624534964561462,True
model.layers.38.block_sparse_moe.input_linear,31,2989,2.562191599371116,3.350155788205141,0.7647977471351624,True
model.layers.38.block_sparse_moe.input_linear,32,81,2.52508341895352,3.311405478624915,0.7625412940979004,True
model.layers.39.block_sparse_moe.input_linear,1,816,33.80285435829032,41.4382947529832,0.8157395124435425,True
model.layers.39.block_sparse_moe.input_linear,2,2886,19.60709841970664,23.496311890962307,0.834475576877594,True
model.layers.39.block_sparse_moe.input_linear,3,1359,14.009905812616894,17.278497837014395,0.8108289241790771,True
model.layers.39.block_sparse_moe.input_linear,4,4,10.97570976075167,13.549741444149129,0.8100309371948242,True
model.layers.39.block_sparse_moe.input_linear,5,2181,8.151228941599571,10.01168697827483,0.8141713738441467,True
model.layers.39.block_sparse_moe.input_linear,6,709,7.993107177690316,9.846824825159958,0.8117446303367615,True
model.layers.39.block_sparse_moe.input_linear,7,2822,7.837658245230943,9.68871558799669,0.8089470863342285,True
model.layers.39.block_sparse_moe.input_linear,8,2973,7.830263968975268,9.469970134279732,0.826852023601532,True
model.layers.39.block_sparse_moe.input_linear,9,2484,7.713597347588864,9.533726326780076,0.8090852499008179,True
model.layers.39.block_sparse_moe.input_linear,10,1053,7.457431070199993,9.191120150691143,0.8113734722137451,True
model.layers.39.block_sparse_moe.input_linear,11,925,7.035750084895438,8.680756281126735,0.8104996681213379,True
model.layers.39.block_sparse_moe.input_linear,12,2977,6.866639517839042,8.479796866101529,0.8097646236419678,True
model.layers.39.block_sparse_moe.input_linear,13,3991,6.65594937323055,8.127381250489714,0.8189537525177002,True
model.layers.39.block_sparse_moe.input_linear,14,2879,6.41549427470467,7.923570129036204,0.8096721768379211,True
model.layers.39.block_sparse_moe.input_linear,15,2993,5.999639417534569,7.3485621786397495,0.8164371848106384,True
model.layers.39.block_sparse_moe.input_linear,16,489,5.732909587045812,7.022619154122011,0.81634920835495,True
model.layers.39.block_sparse_moe.input_linear,17,1786,5.532559067732532,6.833198001660013,0.8096588253974915,True
model.layers.39.block_sparse_moe.input_linear,18,4053,5.450979095115859,6.7097252661001425,0.8123997449874878,True
model.layers.39.block_sparse_moe.input_linear,19,2383,5.247747217031987,6.463564822351863,0.8118967413902283,True
model.layers.39.block_sparse_moe.input_linear,20,734,4.65228831760828,5.703190566508971,0.815734326839447,True
model.layers.39.block_sparse_moe.input_linear,21,3000,4.571969348511972,5.555334706315789,0.8229871988296509,True
model.layers.39.block_sparse_moe.input_linear,22,2296,4.147800019480806,5.1187391389372765,0.8103167414665222,True
model.layers.39.block_sparse_moe.input_linear,23,2587,4.073143926275391,4.9690510886056085,0.8197025656700134,True
model.layers.39.block_sparse_moe.input_linear,24,2283,3.8699771657695297,4.763704762020223,0.8123881220817566,True
model.layers.39.block_sparse_moe.input_linear,25,3501,3.460348875882314,4.265654205202823,0.8112117648124695,True
model.layers.39.block_sparse_moe.input_linear,26,1093,3.280996323590779,4.024982892837077,0.8151578307151794,True
model.layers.39.block_sparse_moe.input_linear,27,3001,2.9446988239771645,3.5972086833647787,0.8186066150665283,True
model.layers.39.block_sparse_moe.input_linear,28,895,2.9431974079048033,3.619755977473847,0.8130927681922913,True
model.layers.39.block_sparse_moe.input_linear,29,387,2.8059621870273554,3.4487881169627093,0.8136081695556641,True
model.layers.39.block_sparse_moe.input_linear,30,2705,2.6930802545717554,3.314669979715067,0.8124731183052063,True
model.layers.39.block_sparse_moe.input_linear,31,1270,2.6857902423885207,3.3160671271456663,0.8099324107170105,True
model.layers.39.block_sparse_moe.input_linear,32,2878,2.668591881794066,3.2945893856877215,0.809992253780365,True
