surface,implementation_surface,cached_artifact,base_position,final_position,trace_count,layer_count,channel_count_or_native_dim,strict_set_leaving_mean,ci95_low,ci95_high,availability,interpretation
post_layer_output_cached_phase9,transformer_layer_forward_output,experimental/outlier_migrate/phase9/results/om_phase9_mpred_falcon_extension_20260528T011658Z/activation_magnitudes.jsonl.gz,100,10000,12,36,1024,0.6390993265993266,0.5883838383838383,0.6893939393939394,cached_computed,high_post_layer_drift_on_current_phase9_falcon_packet
post_layer_output_cached_phase7,transformer_layer_forward_output,experimental/outlier_migrate/phase7/results/om_phase7_falcon_h1_20260512T223600Z/migration_decomposition.json,100,20000,24,36,1024,0.6736111111111112,0.6325757575757576,0.7136994949494949,cached_existing,high_long_horizon_post_layer_drift
attention_pre_o_proj_native,FalconH1Attention.attn_output_before_o_proj,none_found,100,10000,NA,NA,512,NA,NA,NA,hook_required,no_cached_branch_activation
attention_projected_presum,FalconH1DecoderLayer.attention_hidden_states_before_branch_sum,none_found,100,10000,NA,NA,1024,NA,NA,NA,hook_required,no_cached_branch_activation
mamba_pre_out_proj_native,FalconH1Mixer.scan_output_before_out_proj,none_found,100,10000,NA,NA,1536,NA,NA,NA,hook_required,no_cached_branch_activation
mamba_projected_presum,FalconH1DecoderLayer.mamba_hidden_states_before_branch_sum,none_found,100,10000,NA,NA,1024,NA,NA,NA,hook_required,no_cached_branch_activation
post_mixer_pre_residual,FalconH1DecoderLayer.branch_sum_before_residual,none_found,100,10000,NA,NA,1024,NA,NA,NA,hook_required,no_cached_pre_residual_mixer_activation
mamba_gate_optional,FalconH1Mixer.gate_projection_split,none_found,100,10000,NA,NA,1536,NA,NA,NA,optional_hook_required,no_cached_gate_activation
mlp_gate_optional,FalconH1MLP.gate_and_up_product_before_down_proj,none_found,100,10000,NA,NA,2048,NA,NA,NA,optional_hook_required,no_cached_mlp_gate_activation
