split,row_id,prefix,source_correct,llama_accuracy,qwen_accuracy,cached_tiny_accuracy,same_byte_text_accuracy,llama_minus_qwen,same_byte_text_minus_llama,source_selected_index,packet_margin,packet_code_l2,packet_scale
test,ACTAAP_2007_7_3,ACTAAP,True,0.4,0.0,0.0,0.0,0.4,-0.4,3,0.10583278609074095,1.0716793883325038,0.3126005901195852
test,ACTAAP_2009_5_12,ACTAAP,True,0.2,0.0,0.0,1.0,0.2,0.8,1,0.13835947279107874,1.1163378812169016,0.27036857203375836
test,ACTAAP_2009_7_8,ACTAAP,True,1.0,1.0,0.0,1.0,0.0,0.0,3,0.11957008445776014,0.9919354416023088,0.30952069267048243
test,ACTAAP_2010_5_7,ACTAAP,True,0.4,1.0,0.0,1.0,-0.6,0.6,1,0.02819492355336989,1.1541694429546403,0.36260225472402496
test,ACTAAP_2011_5_8,ACTAAP,False,0.2,0.0,1.0,0.0,0.2,-0.2,3,0.06498373392129637,1.147014304215435,0.2854600415146675
test,ACTAAP_2012_7_9,ACTAAP,True,0.0,0.0,0.0,1.0,0.0,1.0,2,0.14373326735560654,1.0184520107485697,0.23243677733862353
test,ACTAAP_2013_7_16,ACTAAP,False,0.0,0.0,1.0,0.0,0.0,0.0,2,0.08508341654131493,1.0761917522838211,0.2536249591774841
test,ACTAAP_2014_7_5,ACTAAP,True,0.8,0.0,1.0,1.0,0.8,0.2,3,0.08540529688426161,0.914609802041772,0.23349448493400224
test,AIMS_2009_8_14,AIMS,False,0.4,0.0,1.0,0.0,0.4,-0.4,3,0.11811448532736826,1.1016255987488834,0.2616450700060505
test,AKDE&ED_2008_8_3,AKDE&ED,False,0.8,0.0,0.0,0.0,0.8,-0.8,3,0.03448977343223958,1.0464951682658676,0.3042593243762276
test,AKDE&ED_2008_8_34,AKDE&ED,True,0.6,0.0,1.0,1.0,0.6,0.4,3,0.014121099210749,1.0333636097848369,0.2533305630304789
test,AKDE&ED_2008_8_36,AKDE&ED,True,0.2,0.0,0.0,1.0,0.2,0.8,0,0.04363900211440475,1.0133316248240678,0.29990333253790785
test,AKDE&ED_2008_8_40,AKDE&ED,True,0.8,1.0,0.0,0.0,-0.2,-0.8,2,0.044697507245143625,1.0527547598134055,0.28696025970600475
test,AKDE&ED_2008_8_45,AKDE&ED,False,0.0,0.0,1.0,0.0,0.0,0.0,0,0.05457303118078083,1.0805388784274703,0.28468253038992497
test,AKDE&ED_2008_8_47,AKDE&ED,False,0.0,1.0,0.0,0.0,-1.0,0.0,3,0.09284086698430746,1.0929345857401938,0.27043050042692
test,AKDE&ED_2012_8_20,AKDE&ED,False,0.6,0.0,0.0,0.0,0.6,-0.6,3,0.10708927902978245,0.9243331759882012,0.2873569509955137
test,CSZ20754,CSZ20754,False,0.2,0.0,0.0,0.0,0.2,-0.2,2,0.07187489823526641,1.0619130859143722,0.23924654974669587
test,CSZ30169,CSZ30169,False,0.2,0.0,1.0,0.0,0.2,-0.2,2,0.02717387216707859,1.1049445787844978,0.32165267924965574
test,CSZ30338,CSZ30338,True,0.2,0.0,0.0,1.0,0.2,0.8,2,0.13590909596536924,1.0608264025379675,0.24930938414461776
test,CSZ_2005_5_CSZ10021,CSZ,True,0.8,0.0,0.0,1.0,0.8,0.2,1,0.1080904037388013,1.0243588723401886,0.24651135283187192
test,CSZ_2009_8_CSZ20740,CSZ,True,0.4,0.0,0.0,1.0,0.4,0.6,1,0.0629519838938719,1.044700606431753,0.2730923341420162
test,LEAP_2001_8_10379,LEAP,False,0.2,0.0,0.0,0.0,0.2,-0.2,2,0.01980965290602836,1.0590019908796608,0.30041049804275655
test,LEAP_2007_8_10418,LEAP,True,0.4,0.0,1.0,1.0,0.4,0.6,2,0.14310202114760592,1.078974026126708,0.2920499225257506
test,LEAP_2009_8_10430,LEAP,True,0.8,0.0,1.0,1.0,0.8,0.2,0,0.024251506577829707,1.0071927132016925,0.3131696699006191
test,LEAP__5_10315,LEAP,True,0.4,1.0,0.0,0.0,-0.6,-0.4,2,0.07980653609570346,1.0315170707535535,0.30564089459064603
test,MCAS_1998_4_13,MCAS,True,0.6,0.0,0.0,1.0,0.6,0.4,1,0.05683135135914737,0.988400688669574,0.25775124036323716
test,MCAS_1998_4_19,MCAS,True,0.6,1.0,0.0,1.0,-0.4,0.4,3,0.009790528486690098,0.9575210169816116,0.28874028498809895
test,MCAS_1999_8_1,MCAS,True,1.0,0.0,0.0,1.0,1.0,0.0,0,0.27779349145279325,1.1052927313633782,0.3025385873035605
test,MCAS_2000_4_36,MCAS,True,0.6,0.0,0.0,1.0,0.6,0.4,0,0.07745184648879924,1.1314596115678357,0.28205349105129496
test,MCAS_2001_5_3,MCAS,False,0.4,0.0,0.0,0.0,0.4,-0.4,1,0.11358095997888787,1.1657740779017676,0.294174937966731
test,MCAS_2002_8_11,MCAS,True,0.4,1.0,0.0,1.0,-0.6,0.6,2,0.03326185707911039,1.0627077792709803,0.28875641913952865
test,MCAS_2003_5_14,MCAS,True,0.6,1.0,0.0,0.0,-0.4,-0.6,2,0.23400976810290375,1.0914133227345921,0.32473475129683843
test,MCAS_2003_8_11,MCAS,True,0.4,1.0,0.0,1.0,-0.6,0.6,0,0.028041053609473468,1.0713158317250153,0.32968437563659775
test,MCAS_2003_8_31,MCAS,True,0.4,1.0,0.0,0.0,-0.6,-0.4,2,0.09486610666354628,1.1216686703970702,0.31119267283323254
test,MCAS_2004_5_11,MCAS,True,0.4,0.0,1.0,1.0,0.4,0.6,3,0.04220809490891328,0.9938979112621894,0.23826444461205276
test,MCAS_2004_5_33,MCAS,True,0.4,0.0,0.0,0.0,0.4,-0.4,2,0.028013485216439555,1.0428233890808811,0.2889185364164075
test,MCAS_2004_5_7,MCAS,False,0.2,0.0,0.0,0.0,0.2,-0.2,0,0.17426877338386926,1.0667442726384664,0.2840874715465101
test,MCAS_2004_8_14,MCAS,False,0.4,0.0,0.0,0.0,0.4,-0.4,1,0.1668819141308979,1.0333046356732978,0.26937608070505153
test,MCAS_2004_8_3,MCAS,False,0.2,0.0,0.0,0.0,0.2,-0.2,2,0.0968024990795355,1.1208801890527789,0.2691201017134117
test,MCAS_2004_8_7,MCAS,False,0.4,0.0,1.0,0.0,0.4,-0.4,1,0.03861024636551651,1.0835052158721161,0.3112816038847946
test,MCAS_2004_9_10-v1,MCAS,False,0.4,1.0,0.0,0.0,-0.6,-0.4,0,0.14793666207283415,1.0920095809292085,0.2826399248869881
test,MCAS_2004_9_15-v1,MCAS,False,0.0,0.0,1.0,0.0,0.0,0.0,2,0.12587993145922052,1.09384087706737,0.30986456276049784
test,MCAS_2004_9_2,MCAS,False,0.0,1.0,0.0,0.0,-1.0,0.0,3,0.017354321545534873,1.1385763907632005,0.28215492931735425
test,MCAS_2005_9_17,MCAS,False,0.4,0.0,0.0,0.0,0.4,-0.4,3,0.046217226686585205,1.1200098302978536,0.2903324074745392
test,MCAS_2006_8_1,MCAS,False,0.0,0.0,1.0,0.0,0.0,0.0,2,0.06124850178478149,1.1082253564783995,0.3326931360786415
test,MCAS_2006_8_12,MCAS,True,0.0,1.0,0.0,0.0,-1.0,0.0,3,0.15268633040623908,1.0937293642420771,0.2706032586922155
test,MCAS_2006_9_17-v1,MCAS,True,0.2,0.0,0.0,1.0,0.2,0.8,3,0.11168610249514233,1.110071255695152,0.31451323340691767
test,MCAS_2006_9_30,MCAS,True,0.4,1.0,0.0,1.0,-0.6,0.6,1,0.09361232370870044,1.1366788191862895,0.2624432699721201
test,MCAS_2006_9_44,MCAS,False,0.2,0.0,0.0,0.0,0.2,-0.2,2,0.04642033230651048,1.0710390841469846,0.2704910238003123
test,MCAS_2009_5_6518,MCAS,False,0.2,0.0,0.0,0.0,0.2,-0.2,2,0.03679004742400235,1.1100078585066153,0.26754087440492524
test,MCAS_2010_5_11984,MCAS,True,0.6,1.0,0.0,1.0,-0.4,0.4,0,0.03214197390344238,1.1244383869286294,0.22848690588639392
test,MCAS_2011_8_15365,MCAS,True,0.8,1.0,0.0,1.0,-0.2,0.2,2,0.1063759547356333,0.9407928223685431,0.19588447799546713
test,MCAS_2011_8_17694,MCAS,True,0.4,0.0,1.0,1.0,0.4,0.6,0,0.0450883507845464,0.9998298677548693,0.23347119432459945
test,MCAS_2012_5_23614,MCAS,False,0.4,0.0,1.0,0.0,0.4,-0.4,3,0.013034358471200581,1.0556571433220494,0.2473075644760909
test,MCAS_2012_8_23640,MCAS,False,0.2,0.0,0.0,0.0,0.2,-0.2,1,0.08945651822483908,1.0887106413312078,0.25875607634470615
test,MCAS_2012_8_23651,MCAS,True,0.4,0.0,1.0,1.0,0.4,0.6,0,0.0435801445763227,1.0875458783138559,0.2798118863608452
test,MCAS_2013_8_29435,MCAS,True,0.6,1.0,0.0,1.0,-0.4,0.4,1,0.03172940363352761,1.0646183940587535,0.23523194775453501
test,MCAS_2014_5_13,MCAS,True,0.4,0.0,1.0,1.0,0.4,0.6,3,0.18498177261985577,1.0901477010370815,0.3167047811787132
test,MCAS_2014_5_15,MCAS,True,0.0,1.0,0.0,0.0,-1.0,0.0,3,0.006247390675714212,1.1385850870066028,0.321615985247256
test,MCAS_2015_5_14,MCAS,False,0.0,0.0,0.0,0.0,0.0,0.0,3,0.2049118467925357,1.0476234835300815,0.2605858767151962
test,MCAS_8_2015_18,MCAS,False,0.4,0.0,1.0,0.0,0.4,-0.4,2,0.1029941262030656,1.1195216307034117,0.3082542033788967
test,MDSA_2007_5_2,MDSA,True,0.6,1.0,0.0,1.0,-0.4,0.4,2,0.07888352706713919,1.0438593368338525,0.2933373971115117
test,MDSA_2007_8_3,MDSA,True,0.6,0.0,0.8,1.0,0.6,0.4,0,0.02566947120812492,1.0762553566516457,0.31421376996413297
test,MDSA_2007_8_30,MDSA,False,0.0,0.0,1.0,0.0,0.0,0.0,3,0.04024106821930315,1.0852082102566758,0.3374492809268225
test,MDSA_2008_8_20,MDSA,True,1.0,1.0,0.0,1.0,0.0,0.0,2,0.19112652819127654,1.04560661704987,0.30709105063538444
test,MDSA_2009_5_20,MDSA,False,0.0,0.0,0.0,0.0,0.0,0.0,2,0.030694931532407876,1.0356488231713703,0.25041270396966275
test,MDSA_2009_5_39,MDSA,False,0.0,0.0,1.0,0.0,0.0,0.0,3,0.32950994307374704,1.038824869966975,0.2942813659116156
test,MDSA_2010_4_20,MDSA,False,0.2,0.0,1.0,0.0,0.2,-0.2,2,0.002532183799163479,1.1169765521444646,0.31438857716573554
test,MDSA_2013_8_40,MDSA,False,0.2,0.0,1.0,0.0,0.2,-0.2,0,0.0778113598281849,0.991535495055767,0.2460926798571913
test,MEAP_2005_8_39,MEAP,True,0.6,0.0,1.0,1.0,0.6,0.4,2,0.01534278953869847,1.069864518897011,0.31786283543820987
test,MEA_2013_5_15,MEA,True,0.2,0.0,0.0,1.0,0.2,0.8,2,0.2254544144593557,1.0690189015063882,0.30558312302996476
test,MEA_2013_8_15,MEA,True,0.6,0.0,0.0,1.0,0.6,0.4,0,0.005411604925555865,1.090125014989877,0.34951544633180076
test,MEA_2014_5_11,MEA,False,0.2,0.0,0.0,0.0,0.2,-0.2,0,0.008267997382267606,1.0686300145479177,0.2509270352135141
test,MEA_2016_5_4,MEA,True,0.8,1.0,0.0,1.0,-0.2,0.2,3,0.032977081647743337,0.9814261694842805,0.2584819315026802
test,MEA_2016_8_12,MEA,False,0.2,0.0,0.0,0.0,0.2,-0.2,0,0.03307421218823342,1.0294205448259879,0.2574249297271188
test,MEA_2016_8_15,MEA,False,0.6,0.0,1.0,0.0,0.6,-0.6,1,0.11868855899070012,1.0484263959705593,0.31212829887359955
test,MSA_2012_5_15,MSA,True,0.4,0.0,1.0,0.0,0.4,-0.4,2,0.20972291867946033,1.1049996609324109,0.32193067408928233
test,MSA_2012_5_23,MSA,True,0.2,0.0,1.0,1.0,0.2,0.8,2,0.005649009230763016,1.075618955064789,0.28859246653603254
test,MSA_2012_8_30,MSA,False,0.6,0.0,1.0,0.0,0.6,-0.6,1,0.057071096267251875,1.0228670286572608,0.32491646901883875
test,MSA_2013_5_11,MSA,False,0.2,0.0,0.0,0.0,0.2,-0.2,1,0.030658498244619595,1.102407135942932,0.3024512555928812
test,Mercury_175053,Mercury,False,0.2,0.0,0.0,0.0,0.2,-0.2,0,0.04130587273308629,1.1224047802882327,0.3254821152044375
test,Mercury_175560,Mercury,True,1.0,0.0,0.0,1.0,1.0,0.0,2,0.2186902204290611,1.1528602237876562,0.2835050544280435
test,Mercury_177748,Mercury,False,0.2,0.0,0.0,0.0,0.2,-0.2,1,0.02321405322399976,1.0147951961812944,0.2994358485472009
test,Mercury_177870,Mercury,False,0.0,0.0,0.0,0.0,0.0,0.0,3,0.022784252665682132,1.0711187607773873,0.308111581513408
test,Mercury_179025,Mercury,True,0.6,0.0,0.0,1.0,0.6,0.4,1,0.05607753227672037,1.0846816937178698,0.3063710789662731
test,Mercury_180373,Mercury,False,0.0,0.0,0.0,0.0,0.0,0.0,0,0.16435893125647574,1.15758890259004,0.3747740771974812
test,Mercury_180828,Mercury,False,0.4,1.0,0.0,0.0,-0.6,-0.4,0,0.022680178478486718,1.0760433350919059,0.30094422119854797
test,Mercury_183033,Mercury,True,0.2,0.0,0.0,1.0,0.2,0.8,1,0.05509485106792184,1.1076935652472941,0.2826487272779136
test,Mercury_183820,Mercury,False,0.2,0.0,0.0,0.0,0.2,-0.2,1,0.10483526600062763,0.9973854960180312,0.3422009043113262
test,Mercury_184730,Mercury,False,0.2,1.0,0.0,0.0,-0.8,-0.2,3,0.046249638368666836,1.0889884892193706,0.2793412625251048
test,Mercury_184818,Mercury,False,0.0,0.0,0.0,0.0,0.0,0.0,0,0.03686890948187731,1.0356900809810143,0.29733701416950914
test,Mercury_185010,Mercury,False,0.0,1.0,0.0,0.0,-1.0,0.0,3,0.02901617137062012,1.1198006264244902,0.31728142802328474
test,Mercury_187198,Mercury,True,1.0,0.0,0.0,1.0,1.0,0.0,2,0.34176392730810473,1.1311295420949987,0.3397212862739083
test,Mercury_188528,Mercury,False,0.0,0.0,1.0,0.0,0.0,0.0,1,0.014380441204516058,1.127836072689156,0.27051564052147736
test,Mercury_189053,Mercury,True,0.8,0.0,0.0,1.0,0.8,0.2,3,0.309742454492564,1.1383074026458093,0.3163924182880701
test,Mercury_192220,Mercury,True,0.4,1.0,0.0,1.0,-0.6,0.6,3,0.14645002424866338,0.99261325031058,0.25156229254604284
test,Mercury_400084,Mercury,False,0.0,0.0,1.0,0.0,0.0,0.0,1,0.1100024691338345,1.0456467657457347,0.3807541624043866
test,Mercury_400440,Mercury,True,0.6,1.0,0.0,1.0,-0.4,0.4,3,0.30761902564340093,1.0706773004016696,0.27045174477185885
test,Mercury_400443,Mercury,True,0.4,1.0,0.0,0.0,-0.6,-0.4,1,0.13021850332510831,0.9881319505734484,0.2682152536666902
test,Mercury_400750,Mercury,True,0.2,0.0,0.0,1.0,0.2,0.8,3,0.14554081579946507,0.9977667424953478,0.24371847515035744
test,Mercury_400811,Mercury,False,0.0,0.0,1.0,0.0,0.0,0.0,0,0.17622593917953644,1.0468528544855384,0.3187375303906948
test,Mercury_400828,Mercury,True,0.6,0.0,1.0,1.0,0.6,0.4,3,0.006816725659082257,0.9652547678214289,0.23008549808616113
test,Mercury_400877,Mercury,True,0.2,1.0,0.0,1.0,-0.8,0.8,2,0.20574751306856315,0.9552852065102811,0.2984746254815736
test,Mercury_400884,Mercury,True,0.4,1.0,0.0,1.0,-0.6,0.6,1,0.07684021422227347,1.1644211184935518,0.2722519744108922
test,Mercury_400887,Mercury,True,0.2,1.0,0.0,0.0,-0.8,-0.2,1,0.002523171898531032,1.0426241998130876,0.344162990034379
test,Mercury_401195,Mercury,False,0.2,0.0,1.0,0.0,0.2,-0.2,1,0.20501780614091925,1.0158505961134527,0.24130087870848257
test,Mercury_401241,Mercury,False,0.0,0.0,0.0,0.0,0.0,0.0,2,0.1985921588879031,0.9306117877059851,0.2604480235282592
test,Mercury_401312,Mercury,True,0.8,1.0,0.0,1.0,-0.2,0.2,3,0.11610908707564821,1.137508894152271,0.28822147832395123
test,Mercury_401428,Mercury,False,0.0,0.0,0.0,0.0,0.0,0.0,0,0.27131115171884457,1.069526193806079,0.2813721608935868
test,Mercury_401684,Mercury,True,0.4,0.0,1.0,1.0,0.4,0.6,1,0.10990336486952446,1.0914850739519222,0.25196832575259764
test,Mercury_401699,Mercury,True,0.6,1.0,0.0,1.0,-0.4,0.4,2,0.06743026334843705,0.9732072663243395,0.2544877971173386
test,Mercury_401865,Mercury,False,0.0,0.0,0.0,0.0,0.0,0.0,1,0.2666044247266075,1.0614219853758933,0.3040663872797744
test,Mercury_401926,Mercury,False,0.0,0.0,1.0,0.0,0.0,0.0,1,0.08220941250313812,1.010393034354917,0.2831493941969366
test,Mercury_402145,Mercury,False,0.0,0.0,0.0,0.0,0.0,0.0,2,0.2564993006911675,1.1355439871135056,0.3295243550190204
test,Mercury_402207,Mercury,True,0.6,0.2,1.0,1.0,0.4,0.4,1,0.0763014156878557,1.0849660230017533,0.26541127204894416
test,Mercury_402348,Mercury,True,0.4,1.0,0.0,1.0,-0.6,0.6,0,0.008709051192805135,1.0787565300523412,0.25956962259957256
test,Mercury_402502,Mercury,True,0.8,1.0,0.0,1.0,-0.2,0.2,3,0.06306466099645142,1.0127090374264895,0.2429425161738227
test,Mercury_402539,Mercury,True,0.4,0.0,1.0,0.0,0.4,-0.4,1,0.16233297519689238,1.0577174364731232,0.31770699118068835
test,Mercury_403232,Mercury,True,0.4,0.0,0.0,1.0,0.4,0.6,3,0.20893629058082766,0.9804073297032354,0.23875563417350623
test,Mercury_403234,Mercury,False,0.0,0.0,0.0,0.0,0.0,0.0,3,0.056552878341120466,1.0345075513479325,0.3057474043438909
test,Mercury_403907,Mercury,True,0.6,1.0,0.0,1.0,-0.4,0.4,2,0.05153034948386581,1.1248580090881966,0.2970268807605142
test,Mercury_403930,Mercury,False,0.2,0.0,0.0,1.0,0.2,0.8,3,0.08915670992237902,1.0573652566271208,0.23265277158499287
test,Mercury_404132,Mercury,False,0.0,1.0,0.0,0.0,-1.0,0.0,3,0.05554546216260252,1.1014053742673418,0.2649358251784292
test,Mercury_404435,Mercury,True,0.6,1.0,0.0,1.0,-0.4,0.4,3,0.013150127532052677,1.0630137178559744,0.2496165496234059
test,Mercury_404841,Mercury,False,0.0,1.0,0.0,0.0,-1.0,0.0,2,0.0912958770201648,1.0926593713965755,0.28140910303708944
test,Mercury_404894,Mercury,False,0.0,0.0,1.0,0.0,0.0,0.0,2,0.23837038479370745,1.048282770015494,0.2508227892426503
test,Mercury_405464,Mercury,True,0.6,0.0,1.0,1.0,0.6,0.4,0,0.017492178728367634,1.0767800265690477,0.23886797191908762
test,Mercury_406777,Mercury,True,1.0,0.0,1.0,1.0,1.0,0.0,0,0.1656705433944391,0.975801595409066,0.25647409949824274
test,Mercury_406800,Mercury,False,0.6,1.0,0.0,0.0,-0.4,-0.6,0,0.07477234605125732,1.125327579757336,0.31091118852233646
test,Mercury_407019,Mercury,True,0.4,0.0,1.0,0.0,0.4,-0.4,3,0.1290448305199518,1.081386341717634,0.3211569005561297
test,Mercury_407125,Mercury,False,0.0,1.0,0.0,0.0,-1.0,0.0,0,0.15737378692753407,1.0175691080696405,0.2760452900598434
test,Mercury_407260,Mercury,False,0.0,0.0,0.0,0.0,0.0,0.0,3,0.21421084788919534,0.965034932420041,0.26772485460656764
test,Mercury_407664,Mercury,False,0.0,0.0,1.0,0.0,0.0,0.0,2,0.17980369064140603,1.0488475824468202,0.24125095577637362
test,Mercury_409114,Mercury,True,0.2,0.0,0.0,1.0,0.2,0.8,1,0.022673057983021147,0.9405624884124545,0.30542765578473735
test,Mercury_409317,Mercury,True,0.6,1.0,0.0,1.0,-0.4,0.4,1,0.08693133579943084,1.1248865911718033,0.280946848463896
test,Mercury_409645,Mercury,False,0.2,0.0,0.0,0.0,0.2,-0.2,0,0.025210598883928653,1.13943082436073,0.3490964217577304
test,Mercury_409647,Mercury,False,0.2,0.0,0.0,0.0,0.2,-0.2,1,0.26006958459320195,1.1207086810084876,0.317987459887731
test,Mercury_410334,Mercury,True,0.0,0.0,1.0,1.0,0.0,1.0,1,0.05908113457742034,1.024187530731942,0.30851740156518637
test,Mercury_410602,Mercury,True,1.0,0.0,1.0,1.0,1.0,0.0,0,0.23331256720591753,1.0547686769552294,0.2726672395046305
test,Mercury_410669,Mercury,False,0.0,0.0,1.0,0.0,0.0,0.0,2,0.05973709415297822,0.9702037001871238,0.2466088643877385
test,Mercury_411224,Mercury,True,0.2,0.0,0.0,1.0,0.2,0.8,1,0.10976520897520595,1.010672035197988,0.2617511653973597
test,Mercury_411729,Mercury,True,0.6,0.0,1.0,1.0,0.6,0.4,1,0.18482385568895104,1.0180909761872907,0.25259182680955566
test,Mercury_412774,Mercury,False,0.0,1.0,0.0,0.0,-1.0,0.0,0,0.014043098739135243,1.0784485893901026,0.2532734814034873
test,Mercury_412780,Mercury,False,0.0,0.0,1.0,0.0,0.0,0.0,0,0.03911018473854789,1.0449855528204797,0.2646801314183135
test,Mercury_414365,Mercury,True,0.6,0.0,0.0,0.0,0.6,-0.6,2,0.009607295224077095,1.1135973094924818,0.2764364676097974
test,Mercury_414504,Mercury,True,0.8,0.0,1.0,1.0,0.8,0.2,1,0.014740401096259431,1.0592154847029993,0.2842251040938809
test,Mercury_415082,Mercury,False,0.0,0.0,1.0,0.0,0.0,0.0,3,0.015221167519218651,1.1340432669076126,0.2995672004362716
test,Mercury_415083,Mercury,True,0.6,0.0,0.0,1.0,0.6,0.4,1,0.040071221947829735,0.9833796242413553,0.2311311593114023
test,Mercury_415084,Mercury,True,0.2,0.0,0.0,1.0,0.2,0.8,2,0.15839500120511404,1.0516904766289996,0.2955085864901591
test,Mercury_415093,Mercury,True,0.6,1.0,0.0,0.0,-0.4,-0.6,3,0.08493308668984159,1.0441534726057546,0.2572486868613895
test,Mercury_415272,Mercury,False,0.2,0.0,0.0,0.0,0.2,-0.2,2,0.04135293919516614,0.87674404347839,0.23335555073085915
test,Mercury_415303,Mercury,False,0.2,0.0,0.0,0.0,0.2,-0.2,1,0.09320402401066911,1.0535229630040028,0.3216318236487703
test,Mercury_416376,Mercury,False,0.2,0.0,0.0,0.0,0.2,-0.2,1,0.15726622063321408,1.0182274139118048,0.24782909760099578
test,Mercury_416404,Mercury,False,0.0,0.0,0.0,0.0,0.0,0.0,1,0.13927845386632798,0.9796983579792186,0.29428942760394416
test,Mercury_416505,Mercury,False,0.6,0.0,0.0,0.0,0.6,-0.6,3,0.02657163224020597,1.0353006337947457,0.2351539593554671
test,Mercury_416633,Mercury,False,0.0,0.0,0.0,0.0,0.0,0.0,3,0.2602975351912009,1.0855317567500398,0.26667189405321456
test,Mercury_416650,Mercury,False,0.0,1.0,0.0,0.0,-1.0,0.0,0,0.2349370155584265,1.0111641344378015,0.2629577339204035
test,Mercury_417127,Mercury,True,0.2,0.0,1.0,1.0,0.2,0.8,0,0.1498032466302687,1.0396864809384254,0.23446880175242288
test,Mercury_417137,Mercury,True,1.0,1.0,0.0,1.0,0.0,0.0,2,0.02407551796155881,0.9635628765473969,0.28826441602586034
test,Mercury_417138,Mercury,True,0.4,0.0,1.0,0.0,0.4,-0.4,1,0.011338193088276854,1.0782988569757737,0.30842735890116324
test,Mercury_417147,Mercury,True,0.6,1.0,0.0,1.0,-0.4,0.4,1,0.0038841360966850105,1.062878036201986,0.2805475746386287
test,Mercury_417460,Mercury,False,0.0,0.0,0.0,0.0,0.0,0.0,1,0.2524347977261813,1.0061216351808089,0.25210360359099154
test,Mercury_417465,Mercury,True,0.6,0.0,0.0,1.0,0.6,0.4,2,0.06800466054066473,0.9608374783120396,0.22823342783051012
test,Mercury_7004725,Mercury,False,0.0,0.0,1.0,0.0,0.0,0.0,3,0.15627961476007265,1.1821373367669572,0.32268837906887854
test,Mercury_7004953,Mercury,True,0.6,0.0,1.0,1.0,0.6,0.4,1,0.0002987533272878484,1.0613039801896824,0.3134080033793381
test,Mercury_7005425,Mercury,False,0.4,0.0,0.0,0.0,0.4,-0.4,3,0.04495160655713498,1.0805544398077604,0.29888545640765013
test,Mercury_7008610,Mercury,False,0.0,0.0,0.0,0.0,0.0,0.0,0,0.11868752761336027,1.0961670402795054,0.24201910725412037
test,Mercury_7009993,Mercury,False,0.0,0.0,1.0,0.0,0.0,0.0,3,0.34112385191775085,1.0439781832163155,0.3191948235394513
test,Mercury_7011323,Mercury,True,0.6,0.0,0.0,1.0,0.6,0.4,0,0.0026927457040516814,1.00192477303043,0.28458306842663367
test,Mercury_7013948,Mercury,True,0.6,0.0,1.0,1.0,0.6,0.4,3,0.029997094973822608,1.085945436904292,0.24892879800069284
test,Mercury_7013965,Mercury,False,0.0,0.0,0.0,0.0,0.0,0.0,1,0.1535863854663582,1.0159160614181344,0.3023588959268653
test,Mercury_7014333,Mercury,True,0.4,1.0,0.0,1.0,-0.6,0.6,0,0.07974596963364187,1.1243620228119222,0.3411228460411242
test,Mercury_7015208,Mercury,False,0.0,0.0,0.0,0.0,0.0,0.0,2,0.22642394018985687,1.0073696394690927,0.2882509582282219
test,Mercury_7015540,Mercury,False,0.2,0.0,0.0,0.0,0.2,-0.2,0,0.19393208554309724,0.9756547435269753,0.2559037583489679
test,Mercury_7016310,Mercury,True,0.8,0.0,0.0,1.0,0.8,0.2,2,0.008252171397159447,1.0512484267942108,0.2782164858932925
test,Mercury_7016538,Mercury,True,0.2,1.0,0.0,1.0,-0.8,0.8,2,0.07864718284491179,1.0922035826588317,0.30055231516645864
test,Mercury_7017045,Mercury,False,0.0,1.0,0.0,0.0,-1.0,0.0,3,0.14036935017214802,1.0257595374329644,0.2840589000631843
test,Mercury_7024273,Mercury,False,0.0,0.0,1.0,0.0,0.0,0.0,0,0.06741530690183961,0.9624037241698635,0.2691013064043198
test,Mercury_7024290,Mercury,True,0.0,1.0,0.0,1.0,-1.0,1.0,1,0.227931608386917,0.99951063384953,0.22533711168351653
test,Mercury_7024465,Mercury,False,0.0,1.0,0.0,0.0,-1.0,0.0,3,0.021179226656928687,1.047701067659157,0.25686317821367477
test,Mercury_7026355,Mercury,True,1.0,1.0,0.0,1.0,0.0,0.0,0,0.01439536186948543,1.0614746099493355,0.2620856214662902
test,Mercury_7026723,Mercury,True,0.6,0.0,0.0,1.0,0.6,0.4,3,0.1609100238385368,0.969183013189027,0.22545352840424307
test,Mercury_7027160,Mercury,False,0.0,0.0,1.0,0.0,0.0,0.0,1,0.13822483273627295,1.097312431054622,0.2807492880778186
test,Mercury_7027248,Mercury,True,0.6,0.0,0.0,1.0,0.6,0.4,1,0.003986619857073603,1.125936554449723,0.26517481960354905
test,Mercury_7027405,Mercury,False,0.4,0.0,0.0,0.0,0.4,-0.4,3,0.11436435502568633,0.9860670615595478,0.2690774678058144
test,Mercury_7029558,Mercury,False,0.4,0.0,0.0,0.0,0.4,-0.4,3,0.14207989400762505,1.0410408151882558,0.2990884362643066
test,Mercury_7030555,Mercury,True,0.4,1.0,0.0,0.0,-0.6,-0.4,2,0.024021441673407952,1.124324246811977,0.3258704153393181
test,Mercury_7030870,Mercury,True,0.6,0.0,0.0,1.0,0.6,0.4,0,0.06505587203393909,1.07536773062206,0.3195341883493341
test,Mercury_7032428,Mercury,False,0.2,0.0,0.0,0.0,0.2,-0.2,0,0.012986040639094087,1.0628818676508245,0.2905829194541859
test,Mercury_7032515,Mercury,True,0.4,1.0,0.0,1.0,-0.6,0.6,3,0.10736288403203481,1.0787538371332501,0.28163079934189283
test,Mercury_7033828,Mercury,True,0.4,1.0,0.0,1.0,-0.6,0.6,3,0.0005878362786357824,1.079908309454511,0.2716966006012221
test,Mercury_7037555,Mercury,False,0.2,0.0,0.0,0.0,0.2,-0.2,3,0.10889137345742222,1.1366134831702543,0.2694432885549745
test,Mercury_7040775,Mercury,True,0.8,1.0,0.0,1.0,-0.2,0.2,1,0.20932027258923616,1.0626174858631243,0.27331479478637083
test,Mercury_7040985,Mercury,False,0.0,0.0,0.0,0.0,0.0,0.0,0,0.20483984544898573,1.066280297225647,0.27359613805876304
test,Mercury_7042945,Mercury,True,0.0,0.0,1.0,1.0,0.0,1.0,1,0.022033261132854504,1.1524245904402783,0.2988287561759653
test,Mercury_7043068,Mercury,True,0.8,0.0,0.0,1.0,0.8,0.2,3,0.0035217443885608712,1.1192339392246913,0.23882891510230575
test,Mercury_7056525,Mercury,False,0.0,0.0,1.0,0.0,0.0,0.0,3,0.06886608144287218,1.0419361996359484,0.2943174171678415
test,Mercury_7056858,Mercury,True,0.2,1.0,0.0,1.0,-0.8,0.8,0,0.00363692670700326,0.991017315812213,0.2447862940218923
test,Mercury_7057085,Mercury,True,0.8,1.0,0.0,1.0,-0.2,0.2,1,0.23806092042268284,1.04871349418539,0.2555599940053877
test,Mercury_7057173,Mercury,False,0.2,0.0,0.0,0.0,0.2,-0.2,2,0.07315998528080314,1.179441650641436,0.2970155443683163
test,Mercury_7068513,Mercury,True,0.4,1.0,0.0,1.0,-0.6,0.6,0,0.017578008978701102,1.1053664815930624,0.2486121028957846
test,Mercury_7068583,Mercury,True,0.6,0.0,1.0,1.0,0.6,0.4,1,0.12862722086321562,1.0249044684493167,0.300550440940409
test,Mercury_7068635,Mercury,False,0.0,0.0,0.0,0.0,0.0,0.0,0,0.0022662613663086834,1.0575320502246808,0.27771330747798684
test,Mercury_7071523,Mercury,True,0.8,0.0,1.0,1.0,0.8,0.2,2,0.028877512837682168,0.9469416534063654,0.29090702933966855
test,Mercury_7081603,Mercury,False,0.2,0.0,0.0,0.0,0.2,-0.2,3,0.12976216739219032,1.0962772860682546,0.30906760020717355
test,Mercury_7081743,Mercury,True,0.2,1.0,0.0,1.0,-0.8,0.8,1,0.02617178609835987,1.068038805874384,0.29574176129233865
test,Mercury_7085278,Mercury,True,0.6,1.0,0.0,1.0,-0.4,0.4,3,0.1877267301755902,1.0003026364509884,0.2724021833329128
test,Mercury_7086520,Mercury,True,0.2,1.0,0.0,1.0,-0.8,0.8,0,0.09884284537116056,1.1375144129518935,0.27134149501378996
test,Mercury_7086608,Mercury,False,0.2,0.0,0.0,0.0,0.2,-0.2,0,0.07148237080716222,0.9996046409209701,0.2596585068189478
test,Mercury_7086748,Mercury,True,0.6,1.0,0.0,1.0,-0.4,0.4,0,0.04866872132443789,1.1192835425676952,0.326322231917453
test,Mercury_7091823,Mercury,True,0.2,0.0,0.0,1.0,0.2,0.8,0,0.08395489330511374,1.1225500907645687,0.3224804533452756
test,Mercury_7093153,Mercury,False,0.0,0.0,0.0,0.0,0.0,0.0,3,0.45839034733195855,1.148295572940978,0.3887698995362635
test,Mercury_7093958,Mercury,False,0.2,0.0,0.0,0.0,0.2,-0.2,1,0.1001469574728131,0.9847112339464517,0.2609549408980274
test,Mercury_7095060,Mercury,False,0.4,0.0,0.0,0.0,0.4,-0.4,1,0.0328867421787165,1.0518516642391462,0.2762856065829634
test,Mercury_7097493,Mercury,True,1.0,1.0,0.0,1.0,0.0,0.0,3,0.05937701489931853,0.9816499239099975,0.24751422405008916
test,Mercury_7099190,Mercury,False,0.0,0.0,1.0,0.0,0.0,0.0,0,0.11369605077285608,1.1794802799254058,0.35679787580806177
test,Mercury_7099330,Mercury,False,0.2,0.0,0.0,0.0,0.2,-0.2,2,0.0909042836126188,1.0055947766779143,0.27327808630311157
test,Mercury_7103600,Mercury,False,0.0,0.0,0.0,0.0,0.0,0.0,2,0.10062556143885115,1.116317116646781,0.3367100110930237
test,Mercury_7106593,Mercury,True,0.6,1.0,0.0,1.0,-0.4,0.4,3,0.14075481998646525,0.9580675916043678,0.25576903189708994
test,Mercury_7106628,Mercury,True,0.6,0.0,1.0,1.0,0.6,0.4,3,0.005620233909300554,1.0335479132573178,0.21618803462421332
test,Mercury_7106750,Mercury,False,0.2,1.0,0.0,0.0,-0.8,-0.2,1,0.10375378746457914,1.1559095051209956,0.37236868404997386
test,Mercury_7106960,Mercury,True,0.2,1.0,0.0,1.0,-0.8,0.8,0,0.038686551988518454,1.0097875275242845,0.2891449486095929
test,Mercury_7107240,Mercury,False,0.2,0.0,1.0,0.0,0.2,-0.2,1,0.17369290777234947,1.0302925297525323,0.24008172260509328
test,Mercury_7109323,Mercury,False,0.0,0.0,0.0,0.0,0.0,0.0,2,0.11179940541449872,1.091664256241795,0.3142780870986794
test,Mercury_7116183,Mercury,True,0.8,0.0,1.0,1.0,0.8,0.2,1,0.06279944625900333,1.1154309695472726,0.3726304027988701
test,Mercury_7116288,Mercury,True,1.0,0.0,1.0,1.0,1.0,0.0,2,0.062496752934179625,0.9120455338953266,0.22263570088671494
test,Mercury_7122640,Mercury,True,0.4,1.0,0.0,1.0,-0.6,0.6,0,0.1544529220638652,1.0379152696221348,0.2282082172712297
test,Mercury_7123078,Mercury,True,0.8,1.0,0.0,1.0,-0.2,0.2,3,0.19298398335269906,1.1245723297584296,0.3384046234226532
test,Mercury_7123393,Mercury,True,0.4,0.0,1.0,1.0,0.4,0.6,3,0.032181493469929545,1.0866951822883364,0.33549128667324096
test,Mercury_7127943,Mercury,True,0.0,1.0,0.0,1.0,-1.0,1.0,0,0.0501807074125811,1.1005652475251702,0.32070679729014756
test,Mercury_7128555,Mercury,False,0.2,1.0,0.0,0.0,-0.8,-0.2,2,0.05509156582370925,1.0332749109085468,0.2713383481630633
test,Mercury_7129640,Mercury,False,0.2,0.0,0.0,1.0,0.2,0.8,3,0.03775836614846184,1.0727184958625948,0.30866325829421354
test,Mercury_7130778,Mercury,False,0.0,0.0,1.0,0.0,0.0,0.0,3,0.02764409316089393,1.012526353409562,0.38450198423891174
test,Mercury_7132020,Mercury,True,0.0,0.0,0.0,1.0,0.0,1.0,0,0.016202749767270277,1.0272725517639,0.317945273517019
test,Mercury_7133945,Mercury,True,0.4,1.0,0.0,0.0,-0.6,-0.4,1,0.03761461341819128,1.0903146788766311,0.3019768017292205
test,Mercury_7136028,Mercury,False,0.0,1.0,0.0,0.0,-1.0,0.0,1,0.04885460762200559,1.1449132051689725,0.28909063426403275
test,Mercury_7136063,Mercury,False,0.2,0.0,0.0,0.0,0.2,-0.2,0,0.1413573894667572,1.0374101417134938,0.3021362477429007
test,Mercury_7136885,Mercury,True,0.8,0.0,0.0,1.0,0.8,0.2,1,0.12798825685785825,1.107530840108471,0.3151170337294259
test,Mercury_7138390,Mercury,False,0.0,0.0,0.0,0.0,0.0,0.0,3,0.11540387687577892,1.1166745711013908,0.28151159438723306
test,Mercury_7138460,Mercury,False,0.0,0.0,1.0,0.0,0.0,0.0,0,0.03190263383119362,1.0724713927584255,0.2320779305899867
test,Mercury_7138915,Mercury,True,0.4,0.0,1.0,0.0,0.4,-0.4,3,0.01424997693150469,1.049771121823903,0.30530300898023693
test,Mercury_7139878,Mercury,False,0.4,0.0,1.0,0.0,0.4,-0.4,3,0.08731498748096045,1.0529893133935506,0.2882053914649339
test,Mercury_7140333,Mercury,False,0.0,0.0,0.0,0.0,0.0,0.0,2,0.009626839699604234,1.1150398174636638,0.3200054308979773
test,Mercury_7141610,Mercury,False,0.4,0.0,0.0,0.0,0.4,-0.4,0,0.013093593019619945,1.0853958535987687,0.32467299931051286
test,Mercury_7142415,Mercury,True,0.6,1.0,0.0,1.0,-0.4,0.4,0,0.14574633137237264,1.1212582251217151,0.2919587932876226
test,Mercury_7142520,Mercury,True,0.8,1.0,0.0,1.0,-0.2,0.2,2,0.041212942055450896,1.124104783787506,0.2846071253061617
test,Mercury_7142800,Mercury,False,0.0,0.0,0.0,0.0,0.0,0.0,2,0.09435245597891503,1.0873045289198258,0.2514017044435217
test,Mercury_7150343,Mercury,True,0.4,0.0,1.0,0.0,0.4,-0.4,1,0.02230065091791946,1.064991011297624,0.34663688058470205
test,Mercury_7158935,Mercury,False,0.2,0.0,0.0,0.0,0.2,-0.2,0,0.0002491286894627798,1.0389485703655215,0.2708158402718523
test,Mercury_7159250,Mercury,True,0.6,0.0,0.0,1.0,0.6,0.4,2,0.013505934843847545,0.9364797255967336,0.23981449046072617
test,Mercury_7159303,Mercury,True,0.4,1.0,0.0,1.0,-0.6,0.6,0,0.09804450236200184,1.0588955539424925,0.2917443873765875
test,Mercury_7159320,Mercury,False,0.2,0.0,1.0,0.0,0.2,-0.2,1,0.03282699089334119,0.966598915932501,0.25520393428642
test,Mercury_7161315,Mercury,True,0.0,0.0,0.0,1.0,0.0,1.0,1,0.03188177887030357,1.0750188487975014,0.2743592101203512
test,Mercury_7164623,Mercury,True,0.2,0.0,0.0,1.0,0.2,0.8,2,0.23314006646557195,1.072649193888791,0.29198469232219443
test,Mercury_7166425,Mercury,True,0.2,0.0,0.0,1.0,0.2,0.8,1,0.19618347813376916,1.0924356234384325,0.33403488952643473
test,Mercury_7168053,Mercury,True,0.4,1.0,0.0,1.0,-0.6,0.6,2,0.06391408139264208,1.122311027397432,0.2898713929420528
test,Mercury_7168805,Mercury,True,0.4,0.0,0.0,1.0,0.4,0.6,1,0.12227857282212626,0.9627690118377165,0.23325007116283955
test,Mercury_7168823,Mercury,False,0.4,0.0,0.0,0.0,0.4,-0.4,0,0.026183462648649344,1.1093889518387876,0.34319365689027126
test,Mercury_7171430,Mercury,True,0.2,1.0,0.0,1.0,-0.8,0.8,1,0.02269448544112991,1.046413760720722,0.2682314233221774
test,Mercury_7171605,Mercury,True,1.0,1.0,0.0,1.0,0.0,0.0,3,0.06857853335991804,1.139692776416369,0.3146438332409363
test,Mercury_7171728,Mercury,True,0.4,1.0,0.0,1.0,-0.6,0.6,1,0.004488522287796642,1.0579198340636051,0.2729993121610348
test,Mercury_7174213,Mercury,False,0.2,1.0,0.0,0.0,-0.8,-0.2,0,0.1295127723610126,1.1668458496374106,0.3021672931046482
test,Mercury_7175875,Mercury,True,0.4,0.0,1.0,1.0,0.4,0.6,2,0.00035251139211429916,0.9969605061329926,0.22567458179899488
test,Mercury_7177398,Mercury,False,0.2,1.0,0.0,0.0,-0.8,-0.2,1,0.011785404402725547,1.059916396271426,0.2755216954853041
test,Mercury_7182210,Mercury,False,0.0,0.0,0.0,0.0,0.0,0.0,0,0.009141111156771471,1.0482930371035217,0.34671739143995234
test,Mercury_7182245,Mercury,False,0.4,0.0,0.0,0.0,0.4,-0.4,0,0.08156370836482554,1.0892132005165411,0.366087297161634
test,Mercury_7186358,Mercury,True,0.8,1.0,0.0,1.0,-0.2,0.2,2,0.17988922096961618,1.0412012338124303,0.29601759334558175
test,Mercury_7188195,Mercury,True,0.0,0.0,0.0,1.0,0.0,1.0,2,0.13555039059962562,1.0612470279070512,0.2745707458995894
test,Mercury_7188528,Mercury,True,0.4,0.0,1.0,1.0,0.4,0.6,0,0.025302917894710984,1.056749701960075,0.3097278352018267
test,Mercury_7190120,Mercury,False,0.0,0.0,0.0,0.0,0.0,0.0,3,0.15201140209277603,1.1440443301003111,0.2941663704597373
test,Mercury_7191433,Mercury,True,0.4,1.0,0.0,0.0,-0.6,-0.4,2,0.013797036707583157,1.0738866001199643,0.29009518524293254
test,Mercury_7192798,Mercury,True,0.8,0.0,0.0,1.0,0.8,0.2,2,0.024515401253986782,1.1729662781432895,0.35067332856069866
test,Mercury_7198468,Mercury,False,0.0,1.0,0.0,1.0,-1.0,1.0,2,0.2558799638671968,1.0440681032073307,0.34533142016356194
test,Mercury_7200340,Mercury,True,0.4,1.0,0.0,1.0,-0.6,0.6,3,0.06219239505062313,1.0590086295284233,0.2943508334576314
test,Mercury_7202843,Mercury,False,0.0,0.0,0.0,0.0,0.0,0.0,1,0.13068166420584204,1.0920829018981602,0.29141891754999466
test,Mercury_7205608,Mercury,False,0.0,0.0,1.0,0.0,0.0,0.0,2,0.07177800741768285,0.9773699214133345,0.2790172476985376
test,Mercury_7206395,Mercury,False,0.4,0.0,1.0,0.0,0.4,-0.4,3,0.06436937269815052,1.0887075960141106,0.2928279848181497
test,Mercury_7206553,Mercury,False,0.0,0.0,0.0,0.0,0.0,0.0,0,0.06726313609155299,1.0526311609423018,0.30896405753079
test,Mercury_7210140,Mercury,True,0.4,1.0,0.0,1.0,-0.6,0.6,0,0.02004422576828041,1.1603192315155264,0.313409100818246
test,Mercury_7210210,Mercury,True,0.0,0.0,0.0,1.0,0.0,1.0,2,0.049067629728461654,1.0320747383529252,0.2501298101668472
test,Mercury_7210455,Mercury,True,0.6,1.0,0.0,0.0,-0.4,-0.6,2,0.037427625081378216,1.0171804204976387,0.25849508692940765
test,Mercury_7210473,Mercury,True,0.4,1.0,0.0,1.0,-0.6,0.6,2,0.046269945455416794,1.0197551186735925,0.2887467698195619
test,Mercury_7211680,Mercury,True,0.6,0.0,1.0,1.0,0.6,0.4,2,0.18430668259857863,1.0801565444214238,0.24033600294056945
test,Mercury_7212678,Mercury,True,0.2,1.0,0.0,1.0,-0.8,0.8,0,0.19410152981184323,1.1570695656414813,0.2847502930626389
test,Mercury_7212818,Mercury,False,0.0,0.0,0.0,0.0,0.0,0.0,0,0.24766046030536393,1.001786378292777,0.3018241353117202
test,Mercury_7212888,Mercury,False,0.4,0.0,0.0,0.0,0.4,-0.4,1,0.013159462216133788,1.0194347126251733,0.25325705626581413
test,Mercury_7212905,Mercury,False,0.2,0.0,0.0,0.0,0.2,-0.2,3,0.04608396971062431,1.073726932961549,0.312391243413207
test,Mercury_7213325,Mercury,True,0.4,0.0,0.0,0.0,0.4,-0.4,3,0.0014417679858113736,1.0435557095855277,0.3076900858207046
test,Mercury_7213413,Mercury,False,0.0,0.0,0.0,0.0,0.0,0.0,2,0.012911495261902647,1.1181769659156602,0.26722529082006113
test,Mercury_7213430,Mercury,True,0.2,1.0,0.0,0.0,-0.8,-0.2,1,0.02701662387718695,1.0168883107160143,0.2886947448507168
test,Mercury_7214340,Mercury,False,0.4,0.0,1.0,0.0,0.4,-0.4,2,0.18638757469681544,1.0617039906561339,0.2363829460132691
test,Mercury_7215670,Mercury,False,0.0,0.0,1.0,0.0,0.0,0.0,3,0.20178170999079814,1.0533615903584852,0.2703492844660373
test,Mercury_7216248,Mercury,True,0.8,0.0,1.0,1.0,0.8,0.2,1,0.03215790920397542,0.957683424430504,0.2586029303857664
test,Mercury_7216318,Mercury,True,0.4,0.0,0.0,1.0,0.4,0.6,0,0.029841159817248632,1.0520498860622927,0.2645992153392388
test,Mercury_7216965,Mercury,True,0.6,1.0,0.0,1.0,-0.4,0.4,2,0.10214467583056636,1.027447606841712,0.29167492634595865
test,Mercury_7217368,Mercury,True,1.0,1.0,0.0,1.0,0.0,0.0,1,0.05062532511705502,1.0674980764450492,0.41387880240628455
test,Mercury_7218628,Mercury,True,0.8,1.0,0.0,1.0,-0.2,0.2,2,0.1816995421607359,1.0011819477256476,0.2773013386069586
test,Mercury_7218820,Mercury,False,0.4,0.0,1.0,0.0,0.4,-0.4,3,0.07155099133713565,1.0896110999352824,0.27446471611013906
test,Mercury_7219328,Mercury,False,0.0,0.0,0.0,0.0,0.0,0.0,0,0.01008388726063423,1.053727381392605,0.2928783931103528
test,Mercury_7221078,Mercury,True,0.6,1.0,0.0,1.0,-0.4,0.4,2,0.2697117292706038,1.1442056215935406,0.2723292335715808
test,Mercury_7222600,Mercury,False,0.4,0.0,0.0,0.0,0.4,-0.4,0,0.008816789804996741,1.1202099180111238,0.31686957959183165
test,Mercury_7222793,Mercury,True,1.0,1.0,0.0,1.0,0.0,0.0,1,0.09383636337257624,1.0182270406546747,0.31276836396837354
test,Mercury_7223160,Mercury,False,0.0,0.0,0.0,0.0,0.0,0.0,0,0.05958513284137995,1.0799278393151417,0.3245232025012697
test,Mercury_7227710,Mercury,True,0.8,1.0,0.0,1.0,-0.2,0.2,3,0.016013879447661264,1.071553765734598,0.27085695865689324
test,Mercury_7228358,Mercury,False,0.8,1.0,0.0,0.0,-0.2,-0.8,1,0.1808567823184069,1.0902990022027044,0.28348075055058986
test,Mercury_7230073,Mercury,True,0.6,1.0,0.0,1.0,-0.4,0.4,1,0.02902554077053674,1.0247040908785487,0.2845857148789061
test,Mercury_7230090,Mercury,False,0.0,0.0,0.0,0.0,0.0,0.0,1,0.03407158883029629,1.1114218248586125,0.3053346904525676
test,Mercury_7230318,Mercury,False,0.4,0.0,1.0,0.0,0.4,-0.4,0,0.057939323589235855,1.031435172962045,0.2890461551143768
test,Mercury_7233398,Mercury,False,0.4,0.0,0.0,0.0,0.4,-0.4,1,0.008993030654530068,1.0569819443253494,0.36334129355417594
test,Mercury_7233765,Mercury,False,0.2,0.0,0.0,0.0,0.2,-0.2,2,0.1172003959403535,1.183633514936879,0.28468782524972774
test,Mercury_7234308,Mercury,False,0.2,0.0,0.0,0.0,0.2,-0.2,1,0.014337571139740032,1.006718572905066,0.24023447934273065
test,Mercury_7234605,Mercury,False,0.6,0.0,0.0,0.0,0.6,-0.6,0,0.18061576012357874,1.1341985569606658,0.3247481642055848
test,Mercury_7238945,Mercury,True,0.0,0.0,0.0,0.0,0.0,0.0,2,0.0,1.1629850661852983,0.36703010493256544
test,Mercury_7247013,Mercury,True,0.6,1.0,0.0,1.0,-0.4,0.4,1,0.046804150317107995,1.1060059057331442,0.2788332490700651
test,Mercury_7247065,Mercury,True,0.6,0.0,1.0,1.0,0.6,0.4,2,0.0019029327212996827,1.0490352434084094,0.24384666705208213
test,Mercury_7247678,Mercury,True,0.2,0.0,1.0,1.0,0.2,0.8,0,0.030416458411028732,1.0123496507544358,0.36541679849194647
test,Mercury_7250058,Mercury,True,0.6,1.0,0.0,1.0,-0.4,0.4,1,0.06816771559577817,0.9328446986928108,0.24028146336998057
test,Mercury_7252245,Mercury,False,0.2,0.0,1.0,0.0,0.2,-0.2,2,0.02254279206160774,1.1232616164372682,0.26608282897485364
test,Mercury_7252753,Mercury,True,0.8,1.0,0.0,1.0,-0.2,0.2,0,0.18502948305790962,1.0186800484354934,0.3727000190570377
test,Mercury_7263183,Mercury,False,0.2,0.0,0.0,0.0,0.2,-0.2,0,0.1110255590791383,1.0664394834773672,0.3173806699658621
test,Mercury_7264093,Mercury,False,0.4,0.0,0.0,0.0,0.4,-0.4,3,0.00712742113787114,0.9759254881430686,0.2781700461617434
test,Mercury_7268048,Mercury,True,1.0,0.0,1.0,1.0,1.0,0.0,2,0.22794956686733342,0.9773634238239828,0.27825027812967074
test,Mercury_7268258,Mercury,True,0.8,0.0,0.0,1.0,0.8,0.2,2,0.07467920541936285,1.1644828955294282,0.30325866715230276
test,Mercury_7270358,Mercury,False,0.0,0.0,1.0,0.0,0.0,0.0,2,0.0704737097976636,1.0643407498511754,0.36621767707870273
test,Mercury_7271128,Mercury,False,0.0,0.0,1.0,0.0,0.0,0.0,1,0.026719055309126667,0.911398076730809,0.22466720088563907
test,Mercury_7271513,Mercury,False,0.0,1.0,0.0,0.0,-1.0,0.0,0,0.20147020249755573,1.1183110876529778,0.27436703710587457
test,Mercury_7282083,Mercury,True,0.4,0.0,0.8,0.0,0.4,-0.4,1,0.02943447898157847,0.9823508130302717,0.26265907949580913
test,Mercury_LBS10131,Mercury,True,0.2,1.0,0.0,1.0,-0.8,0.8,2,0.05517480687982411,1.126600069205787,0.3100755922326656
test,Mercury_LBS10151,Mercury,False,0.0,0.0,0.0,0.0,0.0,0.0,3,0.033361491146002564,1.1099952878297739,0.2933214087073208
test,Mercury_LBS10610,Mercury,True,0.4,1.0,0.0,1.0,-0.6,0.6,2,0.016520067119830107,1.058327341918993,0.265199547575954
test,Mercury_LBS10814,Mercury,True,0.2,1.0,0.0,1.0,-0.8,0.8,1,0.106194739325885,1.091120758813188,0.24678799415024638
test,Mercury_SC_400062,Mercury_SC,False,0.2,0.0,0.0,0.0,0.2,-0.2,0,0.14823313853718184,1.0364542187941799,0.2979975944445114
test,Mercury_SC_400182,Mercury_SC,True,0.4,0.0,0.0,1.0,0.4,0.6,1,0.007773272823128407,1.0866488188234207,0.2779451375664869
test,Mercury_SC_400233,Mercury_SC,True,0.4,0.0,0.0,1.0,0.4,0.6,2,0.15580359164609245,1.021483992671709,0.27034781387719586
test,Mercury_SC_400374,Mercury_SC,False,0.0,0.0,1.0,0.0,0.0,0.0,3,0.16657422086837612,1.0807789702886514,0.3242352973981045
test,Mercury_SC_400401,Mercury_SC,False,0.0,0.0,1.0,0.0,0.0,0.0,2,0.37730576961671697,1.1202842904792563,0.2841261671397309
test,Mercury_SC_400402,Mercury_SC,False,0.0,0.0,1.0,0.0,0.0,0.0,3,0.12674060178973257,1.053935175895281,0.2918201847732006
test,Mercury_SC_400404,Mercury_SC,True,1.0,0.0,0.0,1.0,1.0,0.0,3,0.16846552005328097,1.1019885805173082,0.31320132933231104
test,Mercury_SC_400578,Mercury_SC,False,0.6,0.0,1.0,0.0,0.6,-0.6,3,0.08242805331922412,1.0517222732525635,0.2551266954519573
test,Mercury_SC_400582,Mercury_SC,False,0.0,1.0,0.0,0.0,-1.0,0.0,2,0.06449351063978111,0.9950864828643091,0.24201052237259954
test,Mercury_SC_400697,Mercury_SC,True,0.6,0.0,1.0,1.0,0.6,0.4,1,0.0639923073001707,1.1153451733480495,0.3204719009778656
test,Mercury_SC_400701,Mercury_SC,False,0.4,0.0,1.0,0.0,0.4,-0.4,3,0.07911095818366132,1.110901570144739,0.3007829705765993
test,Mercury_SC_400708,Mercury_SC,True,1.0,1.0,0.0,1.0,0.0,0.0,2,0.1540792248037164,1.0698171318002774,0.29475556443216083
test,Mercury_SC_400839,Mercury_SC,True,0.6,1.0,0.0,1.0,-0.4,0.4,1,0.020755607184626084,1.068921567451564,0.267670372079429
test,Mercury_SC_400853,Mercury_SC,True,1.0,1.0,0.0,1.0,0.0,0.0,3,0.3692064264858995,1.0242194804706708,0.3074736265573049
test,Mercury_SC_401116,Mercury_SC,False,0.0,0.0,0.0,0.0,0.0,0.0,0,0.4107866876157182,1.0800012732426396,0.3051045845755581
test,Mercury_SC_401147,Mercury_SC,False,0.2,0.0,0.0,0.0,0.2,-0.2,3,0.14303952131988185,1.1329522519378783,0.2789188115020915
test,Mercury_SC_401162,Mercury_SC,True,0.2,1.0,0.0,1.0,-0.8,0.8,2,0.05971635644018809,0.9653216142473932,0.25672084181719845
test,Mercury_SC_401168,Mercury_SC,True,0.4,1.0,0.0,1.0,-0.6,0.6,2,0.15151618170491782,1.0367990984186741,0.2880638453934038
test,Mercury_SC_401262,Mercury_SC,True,0.4,0.0,0.0,1.0,0.4,0.6,3,0.020483368083863612,1.0672671052072151,0.2645671808012258
test,Mercury_SC_401277,Mercury_SC,True,0.6,0.0,0.0,1.0,0.6,0.4,2,0.07252250941893831,1.0290036834201246,0.26481276871597026
test,Mercury_SC_401278,Mercury_SC,False,0.2,0.0,1.0,0.0,0.2,-0.2,0,0.08509302668925595,0.965228818474072,0.22725643804138038
test,Mercury_SC_401290,Mercury_SC,True,0.4,1.0,0.0,1.0,-0.6,0.6,2,0.09535672514351445,1.0302817354906275,0.28138562482720003
test,Mercury_SC_401295,Mercury_SC,True,0.6,1.0,0.0,1.0,-0.4,0.4,1,0.18145056388039638,1.0650183466590766,0.2988620798786686
test,Mercury_SC_401309,Mercury_SC,False,0.0,0.0,1.0,0.0,0.0,0.0,3,0.04193980627660404,1.0004124890866495,0.29095025823172643
test,Mercury_SC_401324,Mercury_SC,True,0.4,0.0,1.0,1.0,0.4,0.6,3,0.01967647008295506,1.08475013074874,0.24721057109557967
test,Mercury_SC_401366,Mercury_SC,True,1.0,1.0,0.0,1.0,0.0,0.0,3,0.26280453473847004,1.0336271236809835,0.29008253437440695
test,Mercury_SC_401372,Mercury_SC,False,0.2,0.0,0.0,0.0,0.2,-0.2,1,0.11240421394133632,0.9404888505437836,0.2495764760569513
test,Mercury_SC_401585,Mercury_SC,False,0.2,1.0,0.0,0.0,-0.8,-0.2,2,0.08144532527906823,0.9649698090187185,0.22142390492955608
test,Mercury_SC_401656,Mercury_SC,False,0.2,0.0,0.0,0.0,0.2,-0.2,1,0.07909577326727416,1.0101847842071137,0.2717852330763149
test,Mercury_SC_401668,Mercury_SC,True,0.6,1.0,0.0,1.0,-0.4,0.4,3,0.4037217796882541,1.1563297418880623,0.30530306634497545
test,Mercury_SC_401678,Mercury_SC,False,0.2,0.0,0.0,0.0,0.2,-0.2,0,0.1552034262646891,1.1348970800191573,0.32244797120718965
test,Mercury_SC_401788,Mercury_SC,True,0.6,0.0,1.0,1.0,0.6,0.4,1,0.06849934145330416,1.0652275935908322,0.2772940590518565
test,Mercury_SC_401792,Mercury_SC,False,0.2,0.0,0.0,0.0,0.2,-0.2,1,0.14030056895906617,1.0993218422400335,0.33467002057114265
test,Mercury_SC_401818,Mercury_SC,False,0.0,0.0,0.0,0.0,0.0,0.0,0,0.03416717355325106,1.0938174549586166,0.24633792487220924
test,Mercury_SC_402103,Mercury_SC,True,1.0,0.0,0.0,1.0,1.0,0.0,3,0.32947061645409326,1.054438465737155,0.2747069853363125
test,Mercury_SC_402120,Mercury_SC,False,0.0,0.0,0.0,0.0,0.0,0.0,1,0.044305826043695956,0.9993224369143647,0.25173289890973277
test,Mercury_SC_402121,Mercury_SC,False,0.0,0.0,1.0,0.0,0.0,0.0,0,0.1873962070264527,1.128654789467587,0.2853306860821169
test,Mercury_SC_402256,Mercury_SC,True,0.2,0.0,1.0,1.0,0.2,0.8,2,0.18943037447958316,0.9925664599361416,0.22100938340058313
test,Mercury_SC_402257,Mercury_SC,True,0.6,0.0,0.0,1.0,0.6,0.4,3,0.2505035546092975,1.0775687313687858,0.27032705986484623
test,Mercury_SC_402276,Mercury_SC,True,0.8,1.0,0.0,1.0,-0.2,0.2,3,0.035121114013626754,1.0473649901441817,0.26028116021733844
test,Mercury_SC_402612,Mercury_SC,True,0.6,0.0,1.0,1.0,0.6,0.4,3,0.22914587179611462,1.0627586987960589,0.353090085782809
test,Mercury_SC_402994,Mercury_SC,False,0.2,0.0,0.0,0.0,0.2,-0.2,1,0.11301280824761875,1.101061081254964,0.2743283028575518
test,Mercury_SC_405086,Mercury_SC,True,0.6,0.0,0.0,1.0,0.6,0.4,1,0.2438219466309973,1.0919508221809513,0.279202766939399
test,Mercury_SC_405130,Mercury_SC,True,0.4,1.0,0.0,1.0,-0.6,0.6,0,0.07527639940824285,1.1191651454830724,0.33056966223598877
test,Mercury_SC_405481,Mercury_SC,False,0.4,0.0,0.0,0.0,0.4,-0.4,3,0.06119533581055938,1.0889222394277251,0.28420451419140125
test,Mercury_SC_405640,Mercury_SC,True,0.4,0.0,1.0,1.0,0.4,0.6,0,0.1068425984139458,1.1072598314722861,0.3295250795307176
test,Mercury_SC_405880,Mercury_SC,False,0.0,0.0,0.0,0.0,0.0,0.0,2,0.06751501144394725,1.0024981725361872,0.24390012234797095
test,Mercury_SC_405885,Mercury_SC,True,0.8,0.0,1.0,1.0,0.8,0.2,2,0.12434576550628137,0.9343646854184409,0.295868455870809
test,Mercury_SC_406451,Mercury_SC,True,0.4,0.0,0.0,1.0,0.4,0.6,2,0.015495873989831484,1.191752173220975,0.2730086653655664
test,Mercury_SC_406458,Mercury_SC,True,0.4,0.0,0.0,1.0,0.4,0.6,3,0.00460671499537646,1.1024835250218887,0.31143617217520064
test,Mercury_SC_406710,Mercury_SC,True,0.8,0.0,1.0,1.0,0.8,0.2,2,0.17359649186666165,1.1044427014808396,0.32082980867208893
test,Mercury_SC_406720,Mercury_SC,False,0.2,0.0,1.0,0.0,0.2,-0.2,3,0.04325445980507217,1.1700317700063496,0.2917000050544295
test,Mercury_SC_406833,Mercury_SC,False,0.2,1.0,0.0,0.0,-0.8,-0.2,1,0.09667969688418107,0.9186147296912911,0.27017589098304384
test,Mercury_SC_406835,Mercury_SC,True,0.8,0.0,0.0,1.0,0.8,0.2,1,0.04064520501710322,1.091533934547758,0.30295972539594584
test,Mercury_SC_406836,Mercury_SC,False,0.0,0.0,0.0,0.0,0.0,0.0,0,0.04019794402766412,1.123270623103879,0.3430512115233692
test,Mercury_SC_407070,Mercury_SC,True,0.8,0.0,0.0,1.0,0.8,0.2,1,0.253900041213792,1.1558088944278915,0.3492195013700616
test,Mercury_SC_407572,Mercury_SC,True,1.0,1.0,0.0,1.0,0.0,0.0,3,0.17064037558058742,1.0700668211270707,0.27201532859193256
test,Mercury_SC_407592,Mercury_SC,True,0.6,0.0,0.0,1.0,0.6,0.4,0,0.01903416707133676,1.0243751320622558,0.24504737673603671
test,Mercury_SC_407613,Mercury_SC,True,0.6,0.0,1.0,1.0,0.6,0.4,2,0.044178177356805126,1.026278394216967,0.2232890944334136
test,Mercury_SC_407710,Mercury_SC,True,0.6,0.0,1.0,1.0,0.6,0.4,3,0.10101287773906653,1.0027251656120915,0.2526759337246095
test,Mercury_SC_408251,Mercury_SC,True,0.6,0.6,0.0,1.0,0.0,0.4,0,0.0498488717944347,1.1425387750845362,0.3025732605855536
test,Mercury_SC_408657,Mercury_SC,False,0.2,0.0,0.0,0.0,0.2,-0.2,2,0.06314884845336441,1.0362189265779245,0.23215058241004752
test,Mercury_SC_408748,Mercury_SC,True,0.8,1.0,0.0,1.0,-0.2,0.2,3,0.11617134348798369,1.0176773610163272,0.32080165560172386
test,Mercury_SC_409009,Mercury_SC,False,0.0,0.0,0.0,0.0,0.0,0.0,3,0.12109548543506957,1.042263924646195,0.2394455408035463
test,Mercury_SC_409171,Mercury_SC,True,0.6,1.0,0.0,0.0,-0.4,-0.6,1,0.02092033271128511,0.9917312646850398,0.28143166582134055
test,Mercury_SC_409241,Mercury_SC,True,0.4,1.0,0.0,1.0,-0.6,0.6,2,0.030736968627141308,1.1129592006449265,0.3294774175932998
test,Mercury_SC_409245,Mercury_SC,True,0.8,1.0,0.0,1.0,-0.2,0.2,3,0.1151284515779064,1.069049172910992,0.3004135295501858
test,Mercury_SC_413089,Mercury_SC,True,1.0,1.0,0.0,1.0,0.0,0.0,3,0.27287529522366955,1.0494323095883542,0.28888302392339366
test,Mercury_SC_413143,Mercury_SC,True,0.2,0.0,0.0,1.0,0.2,0.8,2,0.00342978146589612,1.0392864133590414,0.25950376614539333
test,Mercury_SC_413299,Mercury_SC,True,0.6,1.0,0.0,1.0,-0.4,0.4,0,0.2187329688927104,1.1588698447680092,0.2721710882183804
test,Mercury_SC_413439,Mercury_SC,False,0.0,0.0,0.8,0.0,0.0,0.0,3,0.042466260785944746,1.0638763465856658,0.2738927442791382
test,Mercury_SC_413628,Mercury_SC,True,0.8,0.0,0.0,1.0,0.8,0.2,2,0.23390904528365,1.0828717110892931,0.2501973941624426
test,Mercury_SC_414271,Mercury_SC,True,0.6,1.0,0.0,0.0,-0.4,-0.6,2,0.1052403246429979,1.0961551822063187,0.32629550364038673
test,Mercury_SC_415406,Mercury_SC,True,0.4,0.0,1.0,1.0,0.4,0.6,1,0.022643690806695232,1.1819305964114064,0.24954807966392353
test,Mercury_SC_415407,Mercury_SC,True,0.6,0.0,1.0,1.0,0.6,0.4,0,0.0934830843816276,1.0248020269572085,0.25652633409056336
test,Mercury_SC_415476,Mercury_SC,False,0.2,0.0,0.0,0.0,0.2,-0.2,0,0.00219401265449784,1.160043724960103,0.24927824754928626
test,Mercury_SC_415719,Mercury_SC,True,0.4,0.0,1.0,1.0,0.4,0.6,0,0.03263250204949353,1.0463683115040008,0.2573687729873302
test,Mercury_SC_416167,Mercury_SC,True,0.8,1.0,0.0,1.0,-0.2,0.2,2,0.05744777290984354,1.0029893150527038,0.30165240827145096
test,Mercury_SC_416168,Mercury_SC,True,0.8,1.0,0.0,1.0,-0.2,0.2,1,0.2594790891488594,1.1463646278831126,0.29093241478944915
test,Mercury_SC_416169,Mercury_SC,False,0.2,0.0,1.0,0.0,0.2,-0.2,1,0.09915786793627358,0.9839116015314295,0.2985226791508262
test,Mercury_SC_416529,Mercury_SC,True,0.6,1.0,0.0,1.0,-0.4,0.4,1,0.013543998212133715,1.1008223903120409,0.2851493660844223
test,Mercury_SC_LBS10273,Mercury_SC,True,0.2,0.0,1.0,1.0,0.2,0.8,3,0.16132885603990607,1.0975117396850582,0.28016367080330734
test,Mercury_SC_LBS10337,Mercury_SC,True,0.6,1.0,0.0,1.0,-0.4,0.4,0,0.1379247846210292,0.9708103338117073,0.3521960422769752
test,Mercury_SC_LBS10392,Mercury_SC,False,0.0,0.0,0.0,0.0,0.0,0.0,1,0.3494086388382059,1.099060750249263,0.2628273147585627
test,Mercury_SC_LBS10597,Mercury_SC,True,0.8,0.0,1.0,1.0,0.8,0.2,0,0.09122931189922358,1.031979245923667,0.2931238130165359
test,Mercury_SC_LBS10662,Mercury_SC,True,0.4,1.0,0.0,1.0,-0.6,0.6,2,0.010855474884782862,0.9815578225988827,0.30356681333455526
test,Mercury_SC_LBS10664,Mercury_SC,False,0.0,0.0,0.0,0.0,0.0,0.0,3,0.20252393070072786,1.0413285951502878,0.2588355790914228
test,Mercury_SC_LBS11009,Mercury_SC,False,0.2,0.0,0.0,0.0,0.2,-0.2,3,0.1297110851547365,1.040325893097361,0.2671354651435597
test,NAEP_2000_4_S12+3,NAEP,False,0.2,0.0,0.0,0.0,0.2,-0.2,0,0.0008904156487538339,1.1005524110892653,0.2514507759740462
test,NAEP_2000_8_S11+10,NAEP,False,0.4,1.0,0.0,0.0,-0.6,-0.4,2,0.11438305722210408,1.0417980383418906,0.27179891955379787
test,NAEP_2000_8_S21+4,NAEP,True,0.6,0.0,1.0,1.0,0.6,0.4,2,0.060302657292658796,1.1458213250316203,0.31611877799227384
test,NAEP_2005_4_S14+3,NAEP,False,0.2,0.0,0.0,0.0,0.2,-0.2,0,0.12394686044434002,1.0991121854549977,0.2748536139260465
test,NCEOGA_2013_5_9,NCEOGA,False,0.2,0.0,1.0,0.0,0.2,-0.2,3,0.05009140204938484,1.057397906987396,0.315144488405123
test,NCEOGA_2013_8_15,NCEOGA,False,0.0,0.0,0.0,1.0,0.0,1.0,3,0.06641585655806098,0.9835750846431903,0.21370434337265506
test,NCEOGA_2013_8_18,NCEOGA,False,0.2,0.0,1.0,0.0,0.2,-0.2,1,0.13732922989946567,0.989874748921833,0.2699660821018231
test,NYSEDREGENTS_2008_4_26,NYSEDREGENTS,True,1.0,1.0,0.0,1.0,0.0,0.0,2,0.30903700777489596,0.9367588705308759,0.21814929842072758
test,NYSEDREGENTS_2008_8_32,NYSEDREGENTS,True,1.0,1.0,0.0,1.0,0.0,0.0,0,0.056733220731383094,1.1681325183956097,0.32414083621035694
test,NYSEDREGENTS_2008_8_34,NYSEDREGENTS,True,0.2,0.2,1.0,0.0,0.0,-0.2,1,0.00010034844071304255,0.9514281019133494,0.24192936783115976
test,NYSEDREGENTS_2008_8_36,NYSEDREGENTS,True,0.6,1.0,0.0,1.0,-0.4,0.4,2,0.07492537162419363,0.9789013106120744,0.2869723086929235
test,NYSEDREGENTS_2010_4_24,NYSEDREGENTS,True,0.8,0.0,0.0,0.0,0.8,-0.8,1,0.12710041835800193,1.06503854370016,0.26581168984688097
test,NYSEDREGENTS_2010_4_30,NYSEDREGENTS,False,0.8,0.0,1.0,0.0,0.8,-0.8,3,0.09764437818321618,1.0912213006569997,0.2687414254894144
test,NYSEDREGENTS_2010_8_16,NYSEDREGENTS,True,0.4,0.0,0.0,1.0,0.4,0.6,1,0.1916742193227558,1.038507241128679,0.2432189660984557
test,NYSEDREGENTS_2010_8_42,NYSEDREGENTS,False,0.0,0.0,0.0,0.0,0.0,0.0,0,0.011905650209673796,1.1256452334986995,0.3309811292723363
test,NYSEDREGENTS_2012_4_2,NYSEDREGENTS,False,0.2,0.0,0.0,0.0,0.2,-0.2,2,0.12627526338616285,0.9730617063286952,0.28190925878591644
test,NYSEDREGENTS_2012_4_29,NYSEDREGENTS,True,0.4,0.0,0.0,1.0,0.4,0.6,2,0.044954904785141976,1.0453272133444613,0.29147968640857674
test,NYSEDREGENTS_2012_8_19,NYSEDREGENTS,True,1.0,1.0,0.0,1.0,0.0,0.0,2,0.14436010462407967,1.051096834824346,0.2518362799356005
test,NYSEDREGENTS_2012_8_28,NYSEDREGENTS,False,0.0,1.0,0.0,0.0,-1.0,0.0,1,0.06117264460870417,1.0764204403926079,0.3682065034858604
test,NYSEDREGENTS_2012_8_42,NYSEDREGENTS,True,1.0,1.0,0.0,1.0,0.0,0.0,1,0.18598456141523692,1.0710704467464023,0.2502423712801555
test,NYSEDREGENTS_2013_8_10,NYSEDREGENTS,True,0.8,1.0,0.0,1.0,-0.2,0.2,1,0.12225148158582005,1.0341381231007603,0.2486026355730445
test,NYSEDREGENTS_2013_8_34,NYSEDREGENTS,True,0.6,1.0,0.0,1.0,-0.4,0.4,0,0.003911326441640661,1.0583946308049272,0.2756263894962048
test,NYSEDREGENTS_2015_4_11,NYSEDREGENTS,True,0.2,1.0,0.0,1.0,-0.8,0.8,3,0.011944939689243761,1.0521321065758626,0.268385416196315
test,NYSEDREGENTS_2015_4_29,NYSEDREGENTS,False,0.2,0.0,1.0,0.0,0.2,-0.2,2,0.021325057344786527,1.0774800562311213,0.2791905770851329
test,NYSEDREGENTS_2015_8_29,NYSEDREGENTS,False,0.2,0.0,1.0,0.0,0.2,-0.2,3,0.2562348011130888,1.102660013288761,0.2642784775953945
test,OHAT_2007_5_15,OHAT,False,0.2,1.0,0.0,0.0,-0.8,-0.2,0,0.005793522807800242,1.105369389832894,0.26878969861905344
test,OHAT_2007_8_12,OHAT,True,1.0,0.0,0.0,1.0,1.0,0.0,2,0.09380587865772202,1.0055472348284056,0.2535426683018197
test,OHAT_2007_8_24,OHAT,False,0.0,0.0,0.0,0.0,0.0,0.0,1,0.029094482248698483,1.0386320163424758,0.2938950631201159
test,TAKS_2009_5_26,TAKS,False,0.0,0.0,0.0,0.0,0.0,0.0,3,0.048591600075571895,1.1217281131326764,0.2879710863627225
test,TAKS_2009_5_30,TAKS,True,0.2,1.0,0.0,1.0,-0.8,0.8,0,0.10440538367253681,1.1072303906416685,0.2587701163968743
test,TAKS_2009_5_36,TAKS,True,0.6,1.0,0.0,1.0,-0.4,0.4,0,0.21658588344976326,1.172382808108013,0.27825457359438127
test,TAKS_2009_8_27,TAKS,True,0.2,0.0,1.0,1.0,0.2,0.8,2,0.08301397173403594,1.08500163467681,0.2830118071142841
test,TAKS_2009_8_32,TAKS,True,0.4,0.0,0.0,1.0,0.4,0.6,0,0.0826446873468396,1.1810259750120864,0.3239570295233248
test,TIMSS_1995_8_J1,TIMSS,False,0.0,0.0,0.0,0.0,0.0,0.0,0,0.031728306979915036,1.0962139035316587,0.2615093910966195
test,TIMSS_1995_8_J7,TIMSS,False,0.0,0.0,0.0,0.0,0.0,0.0,2,0.3145009387770463,1.0403683532512518,0.328078576369631
test,TIMSS_1995_8_K18,TIMSS,True,1.0,0.0,1.0,1.0,1.0,0.0,0,0.12140978845996836,0.940238492329714,0.21998889071791017
test,TIMSS_1995_8_L6,TIMSS,True,0.8,0.0,0.0,0.0,0.8,-0.8,3,0.047733768952296744,1.0315459224545696,0.24874404134074368
test,TIMSS_1995_8_N4,TIMSS,False,0.2,0.0,1.0,0.0,0.2,-0.2,3,0.008093736640202687,1.0311521262449992,0.27351895482369804
test,TIMSS_2003_4_pg7,TIMSS,True,0.8,0.0,0.0,1.0,0.8,0.2,3,0.24441118658975775,1.0474990715540178,0.24590621430195247
test,TIMSS_2003_4_pg82,TIMSS,False,0.2,0.0,0.0,0.0,0.2,-0.2,2,0.03374509715203486,1.0016333507625006,0.2650370803720997
test,TIMSS_2003_8_pg47,TIMSS,True,1.0,0.0,0.0,1.0,1.0,0.0,2,0.14601756674875294,1.0197760104838742,0.24652737757320292
test,TIMSS_2003_8_pg85,TIMSS,True,0.4,0.0,0.0,1.0,0.4,0.6,1,0.07148477997057741,1.1012890590688758,0.25789220077996416
test,TIMSS_2003_8_pg87,TIMSS,False,0.0,0.0,0.0,0.0,0.0,0.0,3,0.031278900898190895,0.9372262423832045,0.22344440147255246
test,TIMSS_2003_8_pg94,TIMSS,True,0.4,1.0,0.0,1.0,-0.6,0.6,3,0.08904028658823115,1.1116805284750024,0.28925157376786337
test,TIMSS_2007_8_pg113,TIMSS,True,0.2,0.0,0.0,1.0,0.2,0.8,2,0.0962809831268499,1.0735921147625505,0.3046383621721049
test,TIMSS_2007_8_pg60,TIMSS,False,0.0,0.0,0.0,0.0,0.0,0.0,3,0.19227414142371888,1.1422139028591398,0.26203306505740576
test,TIMSS_2011_4_pg45,TIMSS,True,0.6,0.0,0.0,1.0,0.6,0.4,0,0.029907838654556984,0.9980499328434639,0.2840299592416041
test,TIMSS_2011_8_pg15,TIMSS,False,0.4,0.0,0.0,0.0,0.4,-0.4,0,0.043388110867546965,1.0996647614181272,0.3003780117861788
test,TIMSS_2011_8_pg31,TIMSS,True,0.2,1.0,0.0,1.0,-0.8,0.8,2,0.03037814680483176,1.1569616322366032,0.34374445904715845
test,VASoL_2007_5_21,VASoL,False,0.2,0.0,0.0,0.0,0.2,-0.2,3,0.1538177596993769,1.1425740926889814,0.32950060391136665
test,VASoL_2008_3_25,VASoL,True,0.8,0.0,1.0,1.0,0.8,0.2,1,0.07751893545623526,1.0980085562492317,0.2868906154307712
test,VASoL_2008_3_32,VASoL,True,0.6,0.0,1.0,1.0,0.6,0.4,1,0.04258277902761322,1.093870048831295,0.25462593857053745
test,VASoL_2008_5_10,VASoL,True,0.8,0.0,0.0,1.0,0.8,0.2,0,0.07579812259946987,1.074101790455149,0.26093152540881565
test,VASoL_2009_3_23,VASoL,True,0.4,1.0,0.0,0.0,-0.6,-0.4,3,0.06114624509003638,1.1188080993351663,0.30336723643131486
validation,ACTAAP_2010_5_10,ACTAAP,True,0.2,0.0,1.0,1.0,0.2,0.8,0,0.04061563808865998,1.175721393495228,0.2876051035867359
validation,ACTAAP_2013_7_17,ACTAAP,False,0.0,0.0,1.0,0.0,0.0,0.0,2,0.1041188110504219,1.0157320638725147,0.29356355528925343
validation,AIMS_2009_4_29,AIMS,False,0.0,0.0,1.0,0.0,0.0,0.0,0,0.19997575641707407,1.0913996086131144,0.3304840633287857
validation,LEAP_2006_8_10412,LEAP,True,0.6,0.0,1.0,1.0,0.6,0.4,1,0.1547567269294295,1.093979449223495,0.36856968526219264
validation,LEAP_2012_8_10441,LEAP,True,0.6,1.0,0.0,0.0,-0.4,-0.6,2,0.11157112927480581,0.9699301511382595,0.23375055601675493
validation,MCAS_1998_8_2,MCAS,True,0.4,1.0,0.0,1.0,-0.6,0.6,2,0.06455759840061441,0.9953006483783964,0.2436730450168739
validation,MCAS_2000_8_10,MCAS,False,0.2,0.0,0.0,0.0,0.2,-0.2,3,0.34240964888706266,0.9730376504090988,0.23709431520860622
validation,MCAS_2003_5_31,MCAS,False,0.0,0.0,0.0,0.0,0.0,0.0,2,0.004528526165760036,1.0448562651746658,0.23895925100000157
validation,MCAS_2004_9_13,MCAS,False,0.2,0.0,0.0,0.0,0.2,-0.2,2,0.01927550392959993,1.0752809337485252,0.28812730734191794
validation,MCAS_2005_8_5,MCAS,False,0.4,1.0,0.0,0.0,-0.6,-0.4,0,0.03503874874141462,1.0679596062550532,0.32066361636718493
validation,MCAS_2006_5_29,MCAS,True,0.6,1.0,0.0,1.0,-0.4,0.4,3,0.0025885846495090487,1.051602897466813,0.25041539533425416
validation,MCAS_2010_5_11998,MCAS,False,0.0,0.0,0.0,0.0,0.0,0.0,2,0.1190762999590741,1.0545765291854619,0.30375344801353327
validation,MCAS_2010_8_12010,MCAS,True,0.6,0.0,1.0,1.0,0.6,0.4,2,0.1454733396106952,0.9928895511299413,0.27482099811695127
validation,MCAS_2011_5_17673,MCAS,True,0.6,0.0,1.0,1.0,0.6,0.4,0,0.012676684896162749,1.0834590234511567,0.2967776577174198
validation,MCAS_2012_5_23632,MCAS,True,0.4,1.0,0.0,1.0,-0.6,0.6,2,0.10794979087141654,1.091492374158416,0.26844397979212264
validation,MCAS_2013_8_29421,MCAS,False,0.0,1.0,0.0,0.0,-1.0,0.0,3,0.08818313549736764,1.087894614778337,0.296303230336377
validation,MCAS_2013_8_29432,MCAS,True,0.4,1.0,0.0,1.0,-0.6,0.6,1,0.056997873281640216,1.0388215835936965,0.27382961267080336
validation,MCAS_2014_8_17,MCAS,False,0.0,0.0,0.0,0.0,0.0,0.0,0,0.08755542969602739,1.0860440344736673,0.2642333619698058
validation,MCAS_2015_8_7,MCAS,True,0.2,1.0,0.0,0.0,-0.8,-0.2,1,0.03423327736526625,1.0656696080409673,0.3114748378334785
validation,MCAS_8_2015_11,MCAS,True,0.8,0.0,0.0,1.0,0.8,0.2,0,0.009889390994027115,1.107862596556309,0.27107655010869375
validation,MDSA_2009_5_16,MDSA,True,0.4,1.0,0.0,0.0,-0.6,-0.4,3,0.07924034813276913,1.073242433644187,0.3326978184578834
validation,MDSA_2010_5_18,MDSA,True,0.2,0.0,1.0,0.0,0.2,-0.2,3,0.0008587377895055218,1.082056515231126,0.29972000442896773
validation,MDSA_2011_5_20,MDSA,True,0.0,0.0,1.0,0.0,0.0,0.0,3,0.04468482994693167,1.0858266120563538,0.28813909965178247
validation,MEA_2013_5_3,MEA,False,0.0,1.0,0.0,0.0,-1.0,0.0,1,0.038847506048585334,1.0371824698028291,0.4095117123027508
validation,MEA_2016_5_6,MEA,True,0.2,1.0,0.0,1.0,-0.8,0.8,2,0.18258630462524109,1.0797414563683274,0.3260913878110347
validation,MSA_2013_8_3,MSA,True,1.0,0.0,1.0,1.0,1.0,0.0,3,0.15888100918388298,0.9993281660907389,0.30130108532806316
validation,Mercury_176838,Mercury,False,0.0,0.0,0.0,0.0,0.0,0.0,2,0.16504474592970045,1.0905552280390427,0.25716833037771536
validation,Mercury_184013,Mercury,False,0.0,0.0,0.0,0.0,0.0,0.0,0,0.2007065097608761,1.0888661041656549,0.27442498199867826
validation,Mercury_184258,Mercury,False,0.0,0.0,0.0,0.0,0.0,0.0,2,0.036765236391026856,1.071546252129011,0.2637374280149526
validation,Mercury_192168,Mercury,False,0.6,0.0,0.0,0.0,0.6,-0.6,1,0.024691164640491148,0.9573572703868449,0.315506821268783
validation,Mercury_192290,Mercury,True,0.8,0.0,0.0,0.0,0.8,-0.8,3,0.2789743709382946,0.9713224249318343,0.267534952142635
validation,Mercury_400905,Mercury,True,0.4,1.0,0.0,1.0,-0.6,0.6,3,0.2296767614301323,1.132804683662934,0.34359454052163957
validation,Mercury_400934,Mercury,True,0.8,1.0,0.0,1.0,-0.2,0.2,2,0.11329938546209348,1.1182751421209427,0.26425110137814245
validation,Mercury_408809,Mercury,True,0.6,0.0,1.0,1.0,0.6,0.4,2,0.0834020377425163,0.9183117965881236,0.20226437909720174
validation,Mercury_412551,Mercury,False,0.4,1.0,0.0,0.0,-0.6,-0.4,2,0.03914375343416988,1.0599742553773173,0.24075753428850102
validation,Mercury_414131,Mercury,True,0.6,1.0,0.0,0.0,-0.4,-0.6,2,0.030632944631611758,1.0215546802856548,0.2507064014796258
validation,Mercury_416648,Mercury,True,1.0,0.0,0.0,1.0,1.0,0.0,0,0.14081536782480764,0.9620749670738937,0.24272341269097997
validation,Mercury_417146,Mercury,False,0.4,0.0,1.0,0.0,0.4,-0.4,1,0.06741595273162548,1.099010563293178,0.2989025488430869
validation,Mercury_7003955,Mercury,False,0.0,0.0,1.0,0.0,0.0,0.0,2,0.1555803571392022,1.0656594790404839,0.2903043262695794
validation,Mercury_7005478,Mercury,False,0.0,0.0,0.0,0.0,0.0,0.0,0,0.039580250438324305,1.0660929010896898,0.2542943904548832
validation,Mercury_7006790,Mercury,False,0.8,1.0,0.0,0.0,-0.2,-0.8,0,0.11770239014104236,1.1200593925762967,0.29407295430231256
validation,Mercury_7007875,Mercury,True,0.6,1.0,0.0,1.0,-0.4,0.4,1,0.03185184830830589,1.0747456415605716,0.3260783277502665
validation,Mercury_7008138,Mercury,True,0.4,1.0,0.0,0.0,-0.6,-0.4,1,0.006366554187774209,1.0834456787298392,0.2837365500318196
validation,Mercury_7011270,Mercury,True,0.6,1.0,0.0,1.0,-0.4,0.4,1,0.20715175877951927,0.9554290640254935,0.2889448834135601
validation,Mercury_7014368,Mercury,True,0.2,1.0,0.0,1.0,-0.8,0.8,2,0.15920065163224112,0.9840057340997539,0.3700744494027848
validation,Mercury_7015435,Mercury,False,0.0,0.0,0.0,0.0,0.0,0.0,2,0.030127167375441716,0.98649880536622,0.24412723787068838
validation,Mercury_7017990,Mercury,False,0.2,0.0,0.0,0.0,0.2,-0.2,3,0.296186840889734,1.063647251707197,0.2576958950942428
validation,Mercury_7026443,Mercury,True,1.0,0.0,1.0,1.0,1.0,0.0,3,0.11182242600676609,1.104271546312998,0.3113040084035568
validation,Mercury_7029505,Mercury,True,0.2,0.0,1.0,1.0,0.2,0.8,2,0.01155524900814596,1.0434638055533216,0.24074426434799742
validation,Mercury_7032340,Mercury,False,0.2,0.0,1.0,0.0,0.2,-0.2,1,0.018846900470797387,1.1357883475682986,0.31443964808599617
validation,Mercury_7032743,Mercury,False,0.0,0.0,0.0,0.0,0.0,0.0,3,0.1035100727031972,1.0360903852219037,0.23107457546664317
validation,Mercury_7033653,Mercury,True,0.4,1.0,0.0,1.0,-0.6,0.6,2,0.08356650973822484,1.0587967850355422,0.2999666529495108
validation,Mercury_7037573,Mercury,False,0.0,0.0,0.0,0.0,0.0,0.0,1,0.15067385975943937,0.9683066424446957,0.2583663515529406
validation,Mercury_7038133,Mercury,False,0.0,0.0,0.0,0.0,0.0,0.0,3,0.04327554627984685,1.1248179453225977,0.33335402412794
validation,Mercury_7042700,Mercury,False,0.2,0.0,0.0,0.0,0.2,-0.2,2,0.0723245600104572,1.0279044597628242,0.326160017966235
validation,Mercury_7042735,Mercury,False,0.2,1.0,0.0,0.0,-0.8,-0.2,0,0.006059550601275429,1.0850303404158057,0.2820031784151306
validation,Mercury_7044100,Mercury,False,0.2,0.0,0.0,0.0,0.2,-0.2,0,0.21607249692653085,0.9744284830715032,0.2828649842011984
validation,Mercury_7068863,Mercury,False,0.2,0.0,0.0,1.0,0.2,0.8,3,0.022277151926242744,1.091375574135465,0.3080252489626139
validation,Mercury_7081760,Mercury,False,0.2,0.0,0.0,0.0,0.2,-0.2,3,0.03697963278528615,1.1149493774222183,0.2752029202614583
validation,Mercury_7086013,Mercury,False,0.4,1.0,0.0,0.0,-0.6,-0.4,1,0.017762935215550682,1.0670440766209943,0.28044620930232644
validation,Mercury_7092295,Mercury,True,0.8,1.0,0.0,1.0,-0.2,0.2,2,0.19174384991107532,1.0607036031104895,0.2649331403218641
validation,Mercury_7099768,Mercury,False,0.0,1.0,0.0,0.0,-1.0,0.0,2,0.003172829496580154,1.0158303902190609,0.3148772541748271
validation,Mercury_7100608,Mercury,True,0.6,0.0,1.0,1.0,0.6,0.4,1,0.015166641243611043,0.9956331094520411,0.2636211761449468
validation,Mercury_7112753,Mercury,False,0.2,0.0,1.0,0.0,0.2,-0.2,2,0.039944095160169106,0.9517050040127976,0.23619224684156415
validation,Mercury_7115063,Mercury,True,0.6,1.0,0.0,1.0,-0.4,0.4,0,0.029906445760989206,1.0326562023729513,0.24897247595107708
validation,Mercury_7115273,Mercury,False,0.2,1.0,0.0,0.0,-0.8,-0.2,3,0.030434224623378227,1.1447558667302733,0.311763760714918
validation,Mercury_7115395,Mercury,True,0.4,0.0,0.0,1.0,0.4,0.6,0,0.15385220885340273,1.0339993811031516,0.2703382597358921
validation,Mercury_7124338,Mercury,True,0.6,1.0,0.0,1.0,-0.4,0.4,3,0.0002444899907348974,1.1375557454704464,0.28858823734175043
validation,Mercury_7133858,Mercury,False,0.0,0.0,0.0,0.0,0.0,0.0,0,0.06763879743784233,1.0146791560736474,0.26384944633658286
validation,Mercury_7138513,Mercury,True,0.0,0.0,1.0,1.0,0.0,1.0,0,0.06258907945264214,1.1197875321017268,0.2975852860307931
validation,Mercury_7139493,Mercury,True,0.8,0.0,1.0,1.0,0.8,0.2,1,0.21004225694799047,1.0014299661885708,0.25645357954056947
validation,Mercury_7141698,Mercury,True,0.2,1.0,0.0,1.0,-0.8,0.8,1,0.20953173940391806,1.1057416503975985,0.31675013833129284
validation,Mercury_7141908,Mercury,False,0.0,0.0,0.0,0.0,0.0,0.0,1,0.07096394995862351,1.106797744199412,0.2907917785744874
validation,Mercury_7143518,Mercury,True,0.8,0.0,1.0,0.0,0.8,-0.8,3,0.13756295946761168,1.0134203931665884,0.32618670439118896
validation,Mercury_7154263,Mercury,True,0.0,1.0,0.0,1.0,-1.0,1.0,1,0.002930467175907666,0.9882854665680618,0.26350675621360303
validation,Mercury_7159775,Mercury,False,0.0,0.0,0.0,0.0,0.0,0.0,3,0.24405548500118251,0.9661923202391035,0.2854822973120325
validation,Mercury_7162838,Mercury,False,0.0,0.0,1.0,0.0,0.0,0.0,0,0.018233793536722484,1.1249574265737619,0.345703518712312
validation,Mercury_7164850,Mercury,True,0.4,0.0,0.0,1.0,0.4,0.6,0,0.3120924518207808,1.1060727183279628,0.33477976353973654
validation,Mercury_7166530,Mercury,False,0.0,0.0,0.0,0.0,0.0,0.0,3,0.009002044268822184,1.1233674859512233,0.3180236727579906
validation,Mercury_7175455,Mercury,False,0.2,0.0,1.0,0.0,0.2,-0.2,1,0.043901056820799464,1.0553074281346144,0.2636550730214008
validation,Mercury_7179358,Mercury,True,0.6,0.0,0.0,1.0,0.6,0.4,1,0.025526458892684754,1.0411870002771069,0.29463787274691056
validation,Mercury_7181685,Mercury,False,0.2,0.0,0.0,0.0,0.2,-0.2,2,0.018503190653925083,1.0967786758872295,0.3191334035046266
validation,Mercury_7183733,Mercury,True,0.6,0.0,1.0,1.0,0.6,0.4,1,0.020602233126470144,1.061775624859917,0.28885209505545206
validation,Mercury_7187058,Mercury,True,0.4,1.0,0.0,1.0,-0.6,0.6,0,0.016319273538795503,1.1028111713934399,0.34527868270107087
validation,Mercury_7187915,Mercury,True,0.8,1.0,0.0,1.0,-0.2,0.2,0,0.11710721111656254,1.0233881757974204,0.26393052150985835
validation,Mercury_7189035,Mercury,False,0.4,0.0,1.0,0.0,0.4,-0.4,2,0.05573672837796095,1.0537602262655914,0.29588890491100683
validation,Mercury_7189823,Mercury,True,0.2,0.0,1.0,1.0,0.2,0.8,0,0.04946593273190256,1.0842492325647268,0.31589397170967926
validation,Mercury_7190155,Mercury,False,0.0,1.0,0.0,0.0,-1.0,0.0,0,0.009443406284949885,1.0628959878958362,0.3125928283610179
validation,Mercury_7193043,Mercury,True,0.6,1.0,0.0,1.0,-0.4,0.4,1,0.04280591673393387,0.935864033252432,0.21474979118670773
validation,Mercury_7198380,Mercury,True,0.6,1.0,0.0,1.0,-0.4,0.4,3,0.04597880785110588,1.073774646015224,0.29391739586749555
validation,Mercury_7205345,Mercury,True,0.2,1.0,0.0,0.0,-0.8,-0.2,3,0.020400978976900783,1.1179863227159736,0.32616351208758343
validation,Mercury_7205555,Mercury,True,0.2,1.0,0.0,1.0,-0.8,0.8,0,0.038928082534649334,1.0392591775530764,0.312918160177958
validation,Mercury_7207410,Mercury,True,1.0,1.0,0.0,1.0,0.0,0.0,2,0.057528820394304556,1.0543296676912395,0.28444542443498705
validation,Mercury_7207620,Mercury,False,0.4,0.0,0.0,0.0,0.4,-0.4,1,0.2381591633214554,1.0721407690890559,0.3087087944093958
validation,Mercury_7215180,Mercury,False,0.0,1.0,0.0,0.0,-1.0,0.0,0,0.050483721788675974,1.0032610730604496,0.23917923083084
validation,Mercury_7218750,Mercury,False,0.2,1.0,0.0,0.0,-0.8,-0.2,0,0.04896071992200979,1.0647293930374486,0.24413325240802816
validation,Mercury_7219415,Mercury,False,0.0,0.0,1.0,0.0,0.0,0.0,0,0.0642324984438476,1.0570561031640584,0.27950428111293624
validation,Mercury_7221865,Mercury,False,0.4,0.0,0.0,0.0,0.4,-0.4,0,0.16645491484951946,1.063568554669214,0.277037072357256
validation,Mercury_7223038,Mercury,False,0.4,0.0,0.0,0.0,0.4,-0.4,0,0.0305009095117771,1.0769412120288857,0.2916498973770631
validation,Mercury_7234483,Mercury,True,0.8,1.0,0.0,1.0,-0.2,0.2,1,0.12559260775165196,1.136563333865195,0.31634228766787326
validation,Mercury_7236023,Mercury,True,0.2,1.0,0.0,0.0,-0.8,-0.2,1,0.11040469996049507,1.1227025407168596,0.30047398685954313
validation,Mercury_7238963,Mercury,False,0.6,1.0,1.0,1.0,-0.4,0.4,1,0.0,1.152463540371357,0.29187956670506543
validation,Mercury_7245053,Mercury,True,0.4,1.0,0.0,1.0,-0.6,0.6,1,0.1760578320932808,1.0894613528219235,0.2884400888862573
validation,Mercury_7245088,Mercury,False,0.0,1.0,0.0,0.0,-1.0,0.0,1,0.07747051158302017,1.0262539722992683,0.31448558042685903
validation,Mercury_7245893,Mercury,True,0.2,1.0,0.0,1.0,-0.8,0.8,1,0.15626993133974537,1.026304611851455,0.3166367059036826
validation,Mercury_7248238,Mercury,False,0.0,0.0,0.0,0.0,0.0,0.0,2,0.2360120521672323,1.0856758410625544,0.26230733285456664
validation,Mercury_7251668,Mercury,True,0.0,1.0,0.0,1.0,-1.0,1.0,3,0.07919780274235613,1.113154925860924,0.28619371800888266
validation,Mercury_7264023,Mercury,True,0.4,0.0,0.0,1.0,0.4,0.6,3,0.02546872578659689,0.9154583551521325,0.24826688098154365
validation,Mercury_7267593,Mercury,False,0.0,0.0,0.0,0.0,0.0,0.0,3,0.08862271099770648,1.0729444034347226,0.2890585268132533
validation,Mercury_7267995,Mercury,True,0.2,0.0,1.0,1.0,0.2,0.8,2,0.03656651322808207,1.0080136771701083,0.2707615350864427
validation,Mercury_7270008,Mercury,False,0.0,0.0,1.0,0.0,0.0,0.0,3,0.11808052690208978,1.0531687114354191,0.27341396258085066
validation,Mercury_7270200,Mercury,True,0.8,1.0,0.0,1.0,-0.2,0.2,0,0.010049844115484763,1.0059474045012489,0.25540450909786566
validation,Mercury_7282608,Mercury,True,0.8,0.0,0.0,1.0,0.8,0.2,2,0.02539694499176748,1.0092324298603892,0.25131256092453597
validation,Mercury_LBS10399,Mercury,True,0.8,0.0,0.0,1.0,0.8,0.2,3,0.03714335739432978,1.0920780009618232,0.32699314428699894
validation,Mercury_SC_400047,Mercury_SC,True,0.6,0.0,1.0,1.0,0.6,0.4,1,0.05099008057254049,1.143545547077717,0.3307821722570532
validation,Mercury_SC_400050,Mercury_SC,True,1.0,0.0,1.0,0.0,1.0,-1.0,2,0.020947395036055125,1.116247213615754,0.27640651947132183
validation,Mercury_SC_400178,Mercury_SC,True,0.6,0.0,0.0,1.0,0.6,0.4,2,0.18072073559110832,1.054515941783601,0.2634566008791444
validation,Mercury_SC_400339,Mercury_SC,False,0.4,0.0,0.0,0.0,0.4,-0.4,1,0.22579104481171888,0.9824487349660641,0.2490136889252818
validation,Mercury_SC_400845,Mercury_SC,True,0.6,1.0,0.0,1.0,-0.4,0.4,1,0.18129610423714065,0.9272532986854172,0.23431344229807394
validation,Mercury_SC_401244,Mercury_SC,False,0.2,0.0,0.0,0.0,0.2,-0.2,0,0.2163093614333904,1.087568244202426,0.24110812541110033
validation,Mercury_SC_401286,Mercury_SC,False,0.2,0.0,0.0,0.0,0.2,-0.2,3,0.07240938640275618,1.1037416999804752,0.291112552903272
validation,Mercury_SC_401714,Mercury_SC,True,0.8,1.0,0.0,1.0,-0.2,0.2,1,0.02360528263066962,1.093919994258677,0.2861366763642397
validation,Mercury_SC_405487,Mercury_SC,True,0.6,1.0,0.0,1.0,-0.4,0.4,1,0.014595823108004252,1.0589841335907408,0.36420511864107535
validation,Mercury_SC_405973,Mercury_SC,False,0.0,0.0,0.0,0.0,0.0,0.0,3,0.09028771408198114,1.1777675522796984,0.29883411891854206
validation,Mercury_SC_406705,Mercury_SC,True,0.2,0.0,1.0,1.0,0.2,0.8,1,0.03617488847338124,1.081262294116849,0.27486947323007477
validation,Mercury_SC_406939,Mercury_SC,False,0.4,0.0,0.0,0.0,0.4,-0.4,1,0.06815542291693465,1.0252067395279632,0.2569047641085295
validation,Mercury_SC_407314,Mercury_SC,True,0.4,0.0,0.0,1.0,0.4,0.6,0,0.058028083785516715,1.0723177513957414,0.2886843910071506
validation,Mercury_SC_408700,Mercury_SC,True,0.2,1.0,0.0,1.0,-0.8,0.8,2,0.009898199154850434,1.0969488488103754,0.2843703667586196
validation,Mercury_SC_408859,Mercury_SC,False,0.2,0.0,0.0,0.0,0.2,-0.2,2,0.10688852031781881,1.0285970145984935,0.24482113403606112
validation,Mercury_SC_412337,Mercury_SC,True,0.4,0.0,0.0,0.0,0.4,-0.4,3,0.10497290910938682,1.1427315771340472,0.3444297946098357
validation,Mercury_SC_415026,Mercury_SC,False,0.0,0.0,1.0,0.0,0.0,0.0,1,0.07539855866060224,1.0186369351340672,0.2861717546977589
validation,Mercury_SC_415541,Mercury_SC,True,0.2,1.0,0.0,1.0,-0.8,0.8,3,0.10017973184310788,1.0583107191168053,0.34245018918654163
validation,Mercury_SC_LBS10040,Mercury_SC,False,0.0,0.0,0.0,0.0,0.0,0.0,1,0.1499307007795103,1.0159988725514604,0.3327866705315072
validation,Mercury_SC_LBS10915,Mercury_SC,True,1.0,1.0,0.0,1.0,0.0,0.0,1,0.3185935389468822,1.0902185486242475,0.2866094512968976
validation,NCEOGA_2013_5_43,NCEOGA,True,0.8,0.0,0.0,0.0,0.8,-0.8,1,0.17757973305803615,1.1309082969626798,0.26509497538264437
validation,NCEOGA_2013_8_38,NCEOGA,False,0.2,0.0,1.0,0.0,0.2,-0.2,0,0.047505413640269716,1.1077413802130076,0.2730521087261071
validation,NYSEDREGENTS_2014_4_14,NYSEDREGENTS,True,0.6,0.0,0.0,1.0,0.6,0.4,0,0.12767453920242688,0.9667774059917356,0.29012746445939036
validation,NYSEDREGENTS_2014_4_17,NYSEDREGENTS,True,0.6,1.0,0.0,1.0,-0.4,0.4,2,0.1350955719384932,1.0391402820599025,0.2837933656161709
validation,NYSEDREGENTS_2014_4_19,NYSEDREGENTS,True,1.0,0.0,0.0,1.0,1.0,0.0,1,0.08137317242496278,1.0924919590987634,0.3305117303579429
validation,NYSEDREGENTS_2014_8_41,NYSEDREGENTS,False,0.2,0.0,1.0,0.0,0.2,-0.2,2,0.012510306158084135,1.0722678182612237,0.27973680676108825
validation,OHAT_2007_5_24,OHAT,True,1.0,1.0,0.0,1.0,0.0,0.0,1,0.25332335212435303,0.9791856872468095,0.25137007751753754
validation,TIMSS_2003_8_pg14,TIMSS,False,0.2,0.0,0.0,0.0,0.2,-0.2,0,0.10761758058633203,1.0177471413277415,0.2705588458507754
validation,TIMSS_2007_4_pg26,TIMSS,False,0.2,0.0,0.0,0.0,0.2,-0.2,3,0.06483706976345993,0.9743066790466113,0.29679613632453455
validation,VASoL_2008_5_28,VASoL,True,0.6,0.0,1.0,1.0,0.6,0.4,2,0.07155747069216761,1.049082458475902,0.37504101291231323
