artifact_path,experiment,artifact_type,file_size,created_at,source_path,included_or_omitted,notes
artifacts/external_review_pack/om_positive_method_pack_20260528_0536/experiments/00_four_model_drift/code_snippet.py,00_four_model_drift,py,112,2026-05-28T05:36:18+00:00,,included,
artifacts/external_review_pack/om_positive_method_pack_20260528_0536/experiments/00_four_model_drift/command.sh,00_four_model_drift,sh,91,2026-05-28T05:36:18+00:00,,included,
artifacts/external_review_pack/om_positive_method_pack_20260528_0536/experiments/00_four_model_drift/config.json,00_four_model_drift,json,1629,2026-05-28T05:36:18+00:00,,included,
artifacts/external_review_pack/om_positive_method_pack_20260528_0536/experiments/00_four_model_drift/decision.json,00_four_model_drift,json,7920,2026-05-28T05:36:18+00:00,,included,
artifacts/external_review_pack/om_positive_method_pack_20260528_0536/experiments/00_four_model_drift/logs_tail.txt,00_four_model_drift,txt,5592,2026-05-28T05:36:18+00:00,,included,
artifacts/external_review_pack/om_positive_method_pack_20260528_0536/experiments/00_four_model_drift/metrics.json,00_four_model_drift,json,28875,2026-05-28T05:36:18+00:00,,included,
artifacts/external_review_pack/om_positive_method_pack_20260528_0536/experiments/00_four_model_drift/per_trace.csv,00_four_model_drift,csv,17283,2026-05-28T05:36:18+00:00,,included,
artifacts/external_review_pack/om_positive_method_pack_20260528_0536/experiments/00_four_model_drift/source_files/bootstrap_ci.json,00_four_model_drift,json,305,2026-05-08T07:15:02+00:00,,included,
artifacts/external_review_pack/om_positive_method_pack_20260528_0536/experiments/00_four_model_drift/source_files/checker_result.json,00_four_model_drift,json,7920,2026-05-08T15:59:03+00:00,,included,
artifacts/external_review_pack/om_positive_method_pack_20260528_0536/experiments/00_four_model_drift/source_files/command_metadata.json,00_four_model_drift,json,969,2026-05-08T01:52:15+00:00,,included,
artifacts/external_review_pack/om_positive_method_pack_20260528_0536/experiments/00_four_model_drift/source_files/model_provenance.json,00_four_model_drift,json,8940,2026-05-08T01:52:15+00:00,,included,
artifacts/external_review_pack/om_positive_method_pack_20260528_0536/experiments/00_four_model_drift/source_files/prompt_manifest.json,00_four_model_drift,json,16595,2026-05-08T01:52:15+00:00,,included,
artifacts/external_review_pack/om_positive_method_pack_20260528_0536/experiments/00_four_model_drift/source_files/random_seed.json,00_four_model_drift,json,173,2026-05-08T01:52:15+00:00,,included,
artifacts/external_review_pack/om_positive_method_pack_20260528_0536/experiments/00_four_model_drift/summary.md,00_four_model_drift,md,1110,2026-05-28T05:36:18+00:00,,included,
artifacts/external_review_pack/om_positive_method_pack_20260528_0536/experiments/01_static_top1_static_union/code_snippet.py,01_static_top1_static_union,py,120,2026-05-28T05:36:18+00:00,,included,
artifacts/external_review_pack/om_positive_method_pack_20260528_0536/experiments/01_static_top1_static_union/command.sh,01_static_top1_static_union,sh,279,2026-05-28T05:36:18+00:00,,included,
artifacts/external_review_pack/om_positive_method_pack_20260528_0536/experiments/01_static_top1_static_union/config.json,01_static_top1_static_union,json,1237,2026-05-28T05:36:18+00:00,,included,
artifacts/external_review_pack/om_positive_method_pack_20260528_0536/experiments/01_static_top1_static_union/decision.json,01_static_top1_static_union,json,5085,2026-05-28T05:36:18+00:00,,included,
artifacts/external_review_pack/om_positive_method_pack_20260528_0536/experiments/01_static_top1_static_union/logs_tail.txt,01_static_top1_static_union,txt,10184,2026-05-28T05:36:18+00:00,,included,
artifacts/external_review_pack/om_positive_method_pack_20260528_0536/experiments/01_static_top1_static_union/metrics.json,01_static_top1_static_union,json,3342,2026-05-28T05:36:18+00:00,,included,
artifacts/external_review_pack/om_positive_method_pack_20260528_0536/experiments/01_static_top1_static_union/per_trace.csv,01_static_top1_static_union,csv,80758,2026-05-28T05:36:18+00:00,,included,
artifacts/external_review_pack/om_positive_method_pack_20260528_0536/experiments/01_static_top1_static_union/protected_sets_sample.json,01_static_top1_static_union,json,9238,2026-05-28T05:36:18+00:00,,included,
artifacts/external_review_pack/om_positive_method_pack_20260528_0536/experiments/01_static_top1_static_union/source_files/bootstrap_ci.json,01_static_top1_static_union,json,838,2026-05-10T05:05:27+00:00,,included,
artifacts/external_review_pack/om_positive_method_pack_20260528_0536/experiments/01_static_top1_static_union/source_files/checker_result.json,01_static_top1_static_union,json,5085,2026-05-10T05:05:37+00:00,,included,
artifacts/external_review_pack/om_positive_method_pack_20260528_0536/experiments/01_static_top1_static_union/source_files/command_metadata.json,01_static_top1_static_union,json,1033,2026-05-09T21:19:04+00:00,,included,
artifacts/external_review_pack/om_positive_method_pack_20260528_0536/experiments/01_static_top1_static_union/source_files/control_metrics.json,01_static_top1_static_union,json,2357,2026-05-10T05:05:27+00:00,,included,
artifacts/external_review_pack/om_positive_method_pack_20260528_0536/experiments/01_static_top1_static_union/source_files/decoding_config.json,01_static_top1_static_union,json,309,2026-05-09T21:19:04+00:00,,included,
artifacts/external_review_pack/om_positive_method_pack_20260528_0536/experiments/01_static_top1_static_union/source_files/model_provenance.json,01_static_top1_static_union,json,5293,2026-05-09T21:19:04+00:00,,included,
artifacts/external_review_pack/om_positive_method_pack_20260528_0536/experiments/01_static_top1_static_union/source_files/per_trace_metrics.json,01_static_top1_static_union,json,27778,2026-05-10T05:05:27+00:00,,included,
artifacts/external_review_pack/om_positive_method_pack_20260528_0536/experiments/01_static_top1_static_union/source_files/prompt_manifest.json,01_static_top1_static_union,json,16595,2026-05-09T21:19:04+00:00,,included,
artifacts/external_review_pack/om_positive_method_pack_20260528_0536/experiments/01_static_top1_static_union/source_files/protected_sets.json,01_static_top1_static_union,json,145478,2026-05-09T18:47:40+00:00,,included,
artifacts/external_review_pack/om_positive_method_pack_20260528_0536/experiments/01_static_top1_static_union/source_files/quantization_config.json,01_static_top1_static_union,json,697,2026-05-09T21:19:04+00:00,,included,
artifacts/external_review_pack/om_positive_method_pack_20260528_0536/experiments/01_static_top1_static_union/source_files/random_seed.json,01_static_top1_static_union,json,173,2026-05-09T21:19:04+00:00,,included,
artifacts/external_review_pack/om_positive_method_pack_20260528_0536/experiments/01_static_top1_static_union/summary.md,01_static_top1_static_union,md,911,2026-05-28T05:36:18+00:00,,included,
artifacts/external_review_pack/om_positive_method_pack_20260528_0536/experiments/02_m2_position_switching/code_snippet.py,02_m2_position_switching,py,117,2026-05-28T05:36:18+00:00,,included,
artifacts/external_review_pack/om_positive_method_pack_20260528_0536/experiments/02_m2_position_switching/command.sh,02_m2_position_switching,sh,607,2026-05-28T05:36:18+00:00,,included,
artifacts/external_review_pack/om_positive_method_pack_20260528_0536/experiments/02_m2_position_switching/config.json,02_m2_position_switching,json,937,2026-05-28T05:36:18+00:00,,included,
artifacts/external_review_pack/om_positive_method_pack_20260528_0536/experiments/02_m2_position_switching/decision.json,02_m2_position_switching,json,2852,2026-05-28T05:36:18+00:00,,included,
artifacts/external_review_pack/om_positive_method_pack_20260528_0536/experiments/02_m2_position_switching/logs_tail.txt,02_m2_position_switching,txt,3811,2026-05-28T05:36:18+00:00,,included,
artifacts/external_review_pack/om_positive_method_pack_20260528_0536/experiments/02_m2_position_switching/metrics.json,02_m2_position_switching,json,2214,2026-05-28T05:36:18+00:00,,included,
artifacts/external_review_pack/om_positive_method_pack_20260528_0536/experiments/02_m2_position_switching/per_trace.csv,02_m2_position_switching,csv,12289,2026-05-28T05:36:18+00:00,,included,
artifacts/external_review_pack/om_positive_method_pack_20260528_0536/experiments/02_m2_position_switching/protected_sets_sample.json,02_m2_position_switching,json,11699,2026-05-28T05:36:18+00:00,,included,
artifacts/external_review_pack/om_positive_method_pack_20260528_0536/experiments/02_m2_position_switching/source_files/bootstrap_ci.json,02_m2_position_switching,json,556,2026-05-14T23:38:25+00:00,,included,
artifacts/external_review_pack/om_positive_method_pack_20260528_0536/experiments/02_m2_position_switching/source_files/checker_result.json,02_m2_position_switching,json,2852,2026-05-14T23:38:38+00:00,,included,
artifacts/external_review_pack/om_positive_method_pack_20260528_0536/experiments/02_m2_position_switching/source_files/command_metadata.json,02_m2_position_switching,json,1428,2026-05-14T23:35:34+00:00,,included,
artifacts/external_review_pack/om_positive_method_pack_20260528_0536/experiments/02_m2_position_switching/source_files/control_metrics.json,02_m2_position_switching,json,1109,2026-05-14T23:38:25+00:00,,included,
artifacts/external_review_pack/om_positive_method_pack_20260528_0536/experiments/02_m2_position_switching/source_files/decoding_config.json,02_m2_position_switching,json,1015,2026-05-14T23:35:35+00:00,,included,
artifacts/external_review_pack/om_positive_method_pack_20260528_0536/experiments/02_m2_position_switching/source_files/model_provenance.json,02_m2_position_switching,json,9286,2026-05-14T23:35:34+00:00,,included,
artifacts/external_review_pack/om_positive_method_pack_20260528_0536/experiments/02_m2_position_switching/source_files/per_trace_metrics.json,02_m2_position_switching,json,11482,2026-05-14T23:38:25+00:00,,included,
artifacts/external_review_pack/om_positive_method_pack_20260528_0536/experiments/02_m2_position_switching/source_files/prompt_manifest.json,02_m2_position_switching,json,8451,2026-05-14T23:35:34+00:00,,included,
artifacts/external_review_pack/om_positive_method_pack_20260528_0536/experiments/02_m2_position_switching/source_files/protected_sets.json,02_m2_position_switching,json,275477,2026-05-14T23:36:08+00:00,,included,
artifacts/external_review_pack/om_positive_method_pack_20260528_0536/experiments/02_m2_position_switching/source_files/quantization_config.json,02_m2_position_switching,json,476,2026-05-14T23:35:35+00:00,,included,
artifacts/external_review_pack/om_positive_method_pack_20260528_0536/experiments/02_m2_position_switching/source_files/random_seed.json,02_m2_position_switching,json,176,2026-05-14T23:35:34+00:00,,included,
artifacts/external_review_pack/om_positive_method_pack_20260528_0536/experiments/02_m2_position_switching/source_files/score_cache/bf16.json,02_m2_position_switching,json,2275,2026-05-14T23:38:06+00:00,,included,
artifacts/external_review_pack/om_positive_method_pack_20260528_0536/experiments/02_m2_position_switching/source_files/score_cache/m2_position_conditional.json,02_m2_position_switching,json,2292,2026-05-14T23:38:25+00:00,,included,
artifacts/external_review_pack/om_positive_method_pack_20260528_0536/experiments/02_m2_position_switching/source_files/score_cache/random_bin_assignment.json,02_m2_position_switching,json,2288,2026-05-14T23:38:25+00:00,,included,
artifacts/external_review_pack/om_positive_method_pack_20260528_0536/experiments/02_m2_position_switching/source_files/score_cache/static_1pct.json,02_m2_position_switching,json,2278,2026-05-14T23:38:07+00:00,,included,
artifacts/external_review_pack/om_positive_method_pack_20260528_0536/experiments/02_m2_position_switching/source_files/score_cache/static_3pct.json,02_m2_position_switching,json,2278,2026-05-14T23:38:16+00:00,,included,
artifacts/external_review_pack/om_positive_method_pack_20260528_0536/experiments/02_m2_position_switching/summary.md,02_m2_position_switching,md,731,2026-05-28T05:36:18+00:00,,included,
artifacts/external_review_pack/om_positive_method_pack_20260528_0536/experiments/03_m10_position_bins/code_snippet.py,03_m10_position_bins,py,113,2026-05-28T05:36:18+00:00,,included,
artifacts/external_review_pack/om_positive_method_pack_20260528_0536/experiments/03_m10_position_bins/command.sh,03_m10_position_bins,sh,593,2026-05-28T05:36:18+00:00,,included,
artifacts/external_review_pack/om_positive_method_pack_20260528_0536/experiments/03_m10_position_bins/config.json,03_m10_position_bins,json,929,2026-05-28T05:36:18+00:00,,included,
artifacts/external_review_pack/om_positive_method_pack_20260528_0536/experiments/03_m10_position_bins/decision.json,03_m10_position_bins,json,3155,2026-05-28T05:36:18+00:00,,included,
artifacts/external_review_pack/om_positive_method_pack_20260528_0536/experiments/03_m10_position_bins/logs_tail.txt,03_m10_position_bins,txt,22956,2026-05-28T05:36:18+00:00,,included,
artifacts/external_review_pack/om_positive_method_pack_20260528_0536/experiments/03_m10_position_bins/metrics.json,03_m10_position_bins,json,2240,2026-05-28T05:36:18+00:00,,included,
artifacts/external_review_pack/om_positive_method_pack_20260528_0536/experiments/03_m10_position_bins/per_trace.csv,03_m10_position_bins,csv,11301,2026-05-28T05:36:18+00:00,,included,
artifacts/external_review_pack/om_positive_method_pack_20260528_0536/experiments/03_m10_position_bins/source_files/bootstrap_ci.json,03_m10_position_bins,json,553,2026-05-16T01:04:37+00:00,,included,
artifacts/external_review_pack/om_positive_method_pack_20260528_0536/experiments/03_m10_position_bins/source_files/checker_result.json,03_m10_position_bins,json,3155,2026-05-16T01:04:50+00:00,,included,
artifacts/external_review_pack/om_positive_method_pack_20260528_0536/experiments/03_m10_position_bins/source_files/command_metadata.json,03_m10_position_bins,json,1430,2026-05-15T08:53:41+00:00,,included,
artifacts/external_review_pack/om_positive_method_pack_20260528_0536/experiments/03_m10_position_bins/source_files/control_metrics.json,03_m10_position_bins,json,1093,2026-05-16T01:04:37+00:00,,included,
artifacts/external_review_pack/om_positive_method_pack_20260528_0536/experiments/03_m10_position_bins/source_files/decoding_config.json,03_m10_position_bins,json,1460,2026-05-15T08:53:41+00:00,,included,
artifacts/external_review_pack/om_positive_method_pack_20260528_0536/experiments/03_m10_position_bins/source_files/model_provenance.json,03_m10_position_bins,json,9287,2026-05-15T08:53:41+00:00,,included,
artifacts/external_review_pack/om_positive_method_pack_20260528_0536/experiments/03_m10_position_bins/source_files/per_trace_metrics.json,03_m10_position_bins,json,11936,2026-05-16T01:04:37+00:00,,included,
artifacts/external_review_pack/om_positive_method_pack_20260528_0536/experiments/03_m10_position_bins/source_files/prompt_manifest.json,03_m10_position_bins,json,8452,2026-05-15T08:53:41+00:00,,included,
artifacts/external_review_pack/om_positive_method_pack_20260528_0536/experiments/03_m10_position_bins/source_files/quantization_config.json,03_m10_position_bins,json,433,2026-05-15T08:53:41+00:00,,included,
artifacts/external_review_pack/om_positive_method_pack_20260528_0536/experiments/03_m10_position_bins/source_files/random_seed.json,03_m10_position_bins,json,177,2026-05-15T08:53:41+00:00,,included,
artifacts/external_review_pack/om_positive_method_pack_20260528_0536/experiments/03_m10_position_bins/source_files/score_cache/bf16.json,03_m10_position_bins,json,2276,2026-05-15T08:56:54+00:00,,included,
artifacts/external_review_pack/om_positive_method_pack_20260528_0536/experiments/03_m10_position_bins/source_files/score_cache/m10_position_binned.json,03_m10_position_bins,json,2262,2026-05-15T19:00:58+00:00,,included,
artifacts/external_review_pack/om_positive_method_pack_20260528_0536/experiments/03_m10_position_bins/source_files/score_cache/midpoint_matched_cost.json,03_m10_position_bins,json,2265,2026-05-16T01:04:36+00:00,,included,
artifacts/external_review_pack/om_positive_method_pack_20260528_0536/experiments/03_m10_position_bins/source_files/score_cache/random_bin_assignment.json,03_m10_position_bins,json,2289,2026-05-16T01:04:37+00:00,,included,
artifacts/external_review_pack/om_positive_method_pack_20260528_0536/experiments/03_m10_position_bins/source_files/score_cache/static_smoothquant.json,03_m10_position_bins,json,2264,2026-05-15T13:10:01+00:00,,included,
artifacts/external_review_pack/om_positive_method_pack_20260528_0536/experiments/03_m10_position_bins/summary.md,03_m10_position_bins,md,735,2026-05-28T05:36:18+00:00,,included,
artifacts/external_review_pack/om_positive_method_pack_20260528_0536/experiments/04_m11_ema_top1/code_snippet.py,04_m11_ema_top1,py,108,2026-05-28T05:36:19+00:00,,included,
artifacts/external_review_pack/om_positive_method_pack_20260528_0536/experiments/04_m11_ema_top1/command.sh,04_m11_ema_top1,sh,432,2026-05-28T05:36:19+00:00,,included,
artifacts/external_review_pack/om_positive_method_pack_20260528_0536/experiments/04_m11_ema_top1/config.json,04_m11_ema_top1,json,904,2026-05-28T05:36:19+00:00,,included,
artifacts/external_review_pack/om_positive_method_pack_20260528_0536/experiments/04_m11_ema_top1/decision.json,04_m11_ema_top1,json,3524,2026-05-28T05:36:18+00:00,,included,
artifacts/external_review_pack/om_positive_method_pack_20260528_0536/experiments/04_m11_ema_top1/logs_tail.txt,04_m11_ema_top1,txt,14469,2026-05-28T05:36:19+00:00,,included,
artifacts/external_review_pack/om_positive_method_pack_20260528_0536/experiments/04_m11_ema_top1/metrics.json,04_m11_ema_top1,json,4058,2026-05-28T05:36:18+00:00,,included,
artifacts/external_review_pack/om_positive_method_pack_20260528_0536/experiments/04_m11_ema_top1/per_trace.csv,04_m11_ema_top1,csv,15709,2026-05-28T05:36:19+00:00,,included,
artifacts/external_review_pack/om_positive_method_pack_20260528_0536/experiments/04_m11_ema_top1/protected_sets_sample.json,04_m11_ema_top1,json,11840,2026-05-28T05:36:19+00:00,,included,
artifacts/external_review_pack/om_positive_method_pack_20260528_0536/experiments/04_m11_ema_top1/source_files/bootstrap_ci.json,04_m11_ema_top1,json,1819,2026-05-16T19:20:34+00:00,,included,
artifacts/external_review_pack/om_positive_method_pack_20260528_0536/experiments/04_m11_ema_top1/source_files/checker_result.json,04_m11_ema_top1,json,3524,2026-05-16T19:20:51+00:00,,included,
artifacts/external_review_pack/om_positive_method_pack_20260528_0536/experiments/04_m11_ema_top1/source_files/command_metadata.json,04_m11_ema_top1,json,1152,2026-05-16T01:07:44+00:00,,included,
artifacts/external_review_pack/om_positive_method_pack_20260528_0536/experiments/04_m11_ema_top1/source_files/control_metrics.json,04_m11_ema_top1,json,927,2026-05-16T19:20:34+00:00,,included,
artifacts/external_review_pack/om_positive_method_pack_20260528_0536/experiments/04_m11_ema_top1/source_files/decoding_config.json,04_m11_ema_top1,json,1415,2026-05-16T01:07:44+00:00,,included,
artifacts/external_review_pack/om_positive_method_pack_20260528_0536/experiments/04_m11_ema_top1/source_files/model_provenance.json,04_m11_ema_top1,json,9287,2026-05-16T01:07:44+00:00,,included,
artifacts/external_review_pack/om_positive_method_pack_20260528_0536/experiments/04_m11_ema_top1/source_files/per_trace_metrics.json,04_m11_ema_top1,json,12810,2026-05-16T19:20:32+00:00,,included,
artifacts/external_review_pack/om_positive_method_pack_20260528_0536/experiments/04_m11_ema_top1/source_files/prompt_manifest.json,04_m11_ema_top1,json,8452,2026-05-16T01:07:44+00:00,,included,
artifacts/external_review_pack/om_positive_method_pack_20260528_0536/experiments/04_m11_ema_top1/source_files/protected_sets.json,04_m11_ema_top1,json,218211,2026-05-16T02:42:37+00:00,,included,
artifacts/external_review_pack/om_positive_method_pack_20260528_0536/experiments/04_m11_ema_top1/source_files/protected_trajectories.json,04_m11_ema_top1,json,2027949,2026-05-16T02:42:37+00:00,,included,
artifacts/external_review_pack/om_positive_method_pack_20260528_0536/experiments/04_m11_ema_top1/source_files/quantization_config.json,04_m11_ema_top1,json,443,2026-05-16T01:07:44+00:00,,included,
artifacts/external_review_pack/om_positive_method_pack_20260528_0536/experiments/04_m11_ema_top1/source_files/random_seed.json,04_m11_ema_top1,json,177,2026-05-16T01:07:44+00:00,,included,
artifacts/external_review_pack/om_positive_method_pack_20260528_0536/experiments/04_m11_ema_top1/source_files/score_cache/bf16.json,04_m11_ema_top1,json,2276,2026-05-16T02:42:37+00:00,,included,
artifacts/external_review_pack/om_positive_method_pack_20260528_0536/experiments/04_m11_ema_top1/source_files/score_cache/m11_alpha_0_1.json,04_m11_ema_top1,json,2282,2026-05-16T06:50:58+00:00,,included,
artifacts/external_review_pack/om_positive_method_pack_20260528_0536/experiments/04_m11_ema_top1/source_files/score_cache/m11_alpha_0_3.json,04_m11_ema_top1,json,2280,2026-05-16T10:59:44+00:00,,included,
artifacts/external_review_pack/om_positive_method_pack_20260528_0536/experiments/04_m11_ema_top1/source_files/score_cache/m11_alpha_0_5.json,04_m11_ema_top1,json,2279,2026-05-16T15:08:51+00:00,,included,
artifacts/external_review_pack/om_positive_method_pack_20260528_0536/experiments/04_m11_ema_top1/source_files/score_cache/random_walk_protection.json,04_m11_ema_top1,json,2284,2026-05-16T19:20:32+00:00,,included,
artifacts/external_review_pack/om_positive_method_pack_20260528_0536/experiments/04_m11_ema_top1/source_files/score_cache/static_1pct.json,04_m11_ema_top1,json,2279,2026-05-16T02:42:37+00:00,,included,
artifacts/external_review_pack/om_positive_method_pack_20260528_0536/experiments/04_m11_ema_top1/summary.md,04_m11_ema_top1,md,715,2026-05-28T05:36:19+00:00,,included,
artifacts/external_review_pack/om_positive_method_pack_20260528_0536/experiments/05_m11b_granite/code_snippet.py,05_m11b_granite,py,108,2026-05-28T05:36:19+00:00,,included,
artifacts/external_review_pack/om_positive_method_pack_20260528_0536/experiments/05_m11b_granite/command.sh,05_m11b_granite,sh,549,2026-05-28T05:36:19+00:00,,included,
artifacts/external_review_pack/om_positive_method_pack_20260528_0536/experiments/05_m11b_granite/config.json,05_m11b_granite,json,907,2026-05-28T05:36:19+00:00,,included,
artifacts/external_review_pack/om_positive_method_pack_20260528_0536/experiments/05_m11b_granite/decision.json,05_m11b_granite,json,3269,2026-05-28T05:36:19+00:00,,included,
artifacts/external_review_pack/om_positive_method_pack_20260528_0536/experiments/05_m11b_granite/logs_tail.txt,05_m11b_granite,txt,14174,2026-05-28T05:36:19+00:00,,included,
artifacts/external_review_pack/om_positive_method_pack_20260528_0536/experiments/05_m11b_granite/metrics.json,05_m11b_granite,json,3902,2026-05-28T05:36:19+00:00,,included,
artifacts/external_review_pack/om_positive_method_pack_20260528_0536/experiments/05_m11b_granite/per_trace.csv,05_m11b_granite,csv,15465,2026-05-28T05:36:19+00:00,,included,
artifacts/external_review_pack/om_positive_method_pack_20260528_0536/experiments/05_m11b_granite/protected_sets_sample.json,05_m11b_granite,json,11466,2026-05-28T05:36:19+00:00,,included,
artifacts/external_review_pack/om_positive_method_pack_20260528_0536/experiments/05_m11b_granite/source_files/bootstrap_ci.json,05_m11b_granite,json,1821,2026-05-18T19:46:30+00:00,,included,
artifacts/external_review_pack/om_positive_method_pack_20260528_0536/experiments/05_m11b_granite/source_files/checker_result.json,05_m11b_granite,json,3269,2026-05-18T19:51:58+00:00,,included,
artifacts/external_review_pack/om_positive_method_pack_20260528_0536/experiments/05_m11b_granite/source_files/command_metadata.json,05_m11b_granite,json,1325,2026-05-18T03:03:31+00:00,,included,
artifacts/external_review_pack/om_positive_method_pack_20260528_0536/experiments/05_m11b_granite/source_files/control_metrics.json,05_m11b_granite,json,756,2026-05-18T19:46:30+00:00,,included,
artifacts/external_review_pack/om_positive_method_pack_20260528_0536/experiments/05_m11b_granite/source_files/decoding_config.json,05_m11b_granite,json,1288,2026-05-18T03:03:31+00:00,,included,
artifacts/external_review_pack/om_positive_method_pack_20260528_0536/experiments/05_m11b_granite/source_files/model_provenance.json,05_m11b_granite,json,9288,2026-05-18T03:03:31+00:00,,included,
artifacts/external_review_pack/om_positive_method_pack_20260528_0536/experiments/05_m11b_granite/source_files/per_trace_metrics.json,05_m11b_granite,json,12059,2026-05-18T19:46:29+00:00,,included,
artifacts/external_review_pack/om_positive_method_pack_20260528_0536/experiments/05_m11b_granite/source_files/prompt_manifest.json,05_m11b_granite,json,8453,2026-05-18T03:03:31+00:00,,included,
artifacts/external_review_pack/om_positive_method_pack_20260528_0536/experiments/05_m11b_granite/source_files/protected_sets.json,05_m11b_granite,json,835544,2026-05-18T03:06:41+00:00,,included,
artifacts/external_review_pack/om_positive_method_pack_20260528_0536/experiments/05_m11b_granite/source_files/protected_trajectories.json,05_m11b_granite,json,7021976,2026-05-18T03:06:41+00:00,,included,
artifacts/external_review_pack/om_positive_method_pack_20260528_0536/experiments/05_m11b_granite/source_files/quantization_config.json,05_m11b_granite,json,377,2026-05-18T03:03:31+00:00,,included,
artifacts/external_review_pack/om_positive_method_pack_20260528_0536/experiments/05_m11b_granite/source_files/random_seed.json,05_m11b_granite,json,143,2026-05-18T03:03:31+00:00,,included,
artifacts/external_review_pack/om_positive_method_pack_20260528_0536/experiments/05_m11b_granite/source_files/score_cache/bf16.json,05_m11b_granite,json,2277,2026-05-18T03:06:43+00:00,,included,
artifacts/external_review_pack/om_positive_method_pack_20260528_0536/experiments/05_m11b_granite/source_files/score_cache/m11b_top1.json,05_m11b_granite,json,2278,2026-05-18T07:17:32+00:00,,included,
artifacts/external_review_pack/om_positive_method_pack_20260528_0536/experiments/05_m11b_granite/source_files/score_cache/m11b_top10.json,05_m11b_granite,json,2278,2026-05-18T15:38:39+00:00,,included,
artifacts/external_review_pack/om_positive_method_pack_20260528_0536/experiments/05_m11b_granite/source_files/score_cache/m11b_top5.json,05_m11b_granite,json,2281,2026-05-18T11:30:20+00:00,,included,
artifacts/external_review_pack/om_positive_method_pack_20260528_0536/experiments/05_m11b_granite/source_files/score_cache/static_1pct.json,05_m11b_granite,json,2280,2026-05-18T03:06:43+00:00,,included,
artifacts/external_review_pack/om_positive_method_pack_20260528_0536/experiments/05_m11b_granite/source_files/score_cache/static_top10.json,05_m11b_granite,json,2278,2026-05-18T19:46:29+00:00,,included,
artifacts/external_review_pack/om_positive_method_pack_20260528_0536/experiments/05_m11b_granite/summary.md,05_m11b_granite,md,710,2026-05-28T05:36:19+00:00,,included,
artifacts/external_review_pack/om_positive_method_pack_20260528_0536/experiments/06_m11b_nemotron/code_snippet.py,06_m11b_nemotron,py,109,2026-05-28T05:36:19+00:00,,included,
artifacts/external_review_pack/om_positive_method_pack_20260528_0536/experiments/06_m11b_nemotron/command.sh,06_m11b_nemotron,sh,206,2026-05-28T05:36:19+00:00,,included,
artifacts/external_review_pack/om_positive_method_pack_20260528_0536/experiments/06_m11b_nemotron/config.json,06_m11b_nemotron,json,923,2026-05-28T05:36:19+00:00,,included,
artifacts/external_review_pack/om_positive_method_pack_20260528_0536/experiments/06_m11b_nemotron/decision.json,06_m11b_nemotron,json,3513,2026-05-28T05:36:19+00:00,,included,
artifacts/external_review_pack/om_positive_method_pack_20260528_0536/experiments/06_m11b_nemotron/logs_tail.txt,06_m11b_nemotron,txt,4957,2026-05-28T05:36:19+00:00,,included,
artifacts/external_review_pack/om_positive_method_pack_20260528_0536/experiments/06_m11b_nemotron/metrics.json,06_m11b_nemotron,json,3934,2026-05-28T05:36:19+00:00,,included,
artifacts/external_review_pack/om_positive_method_pack_20260528_0536/experiments/06_m11b_nemotron/per_trace.csv,06_m11b_nemotron,csv,15863,2026-05-28T05:36:19+00:00,,included,
artifacts/external_review_pack/om_positive_method_pack_20260528_0536/experiments/06_m11b_nemotron/protected_sets_sample.json,06_m11b_nemotron,json,10350,2026-05-28T05:36:19+00:00,,included,
artifacts/external_review_pack/om_positive_method_pack_20260528_0536/experiments/06_m11b_nemotron/source_files/bootstrap_ci.json,06_m11b_nemotron,json,1834,2026-05-25T07:41:13+00:00,,included,
artifacts/external_review_pack/om_positive_method_pack_20260528_0536/experiments/06_m11b_nemotron/source_files/checker_result.json,06_m11b_nemotron,json,3513,2026-05-25T07:41:15+00:00,,included,
artifacts/external_review_pack/om_positive_method_pack_20260528_0536/experiments/06_m11b_nemotron/source_files/command_metadata.json,06_m11b_nemotron,json,865,2026-05-24T21:15:05+00:00,,included,
artifacts/external_review_pack/om_positive_method_pack_20260528_0536/experiments/06_m11b_nemotron/source_files/control_metrics.json,06_m11b_nemotron,json,763,2026-05-25T07:41:13+00:00,,included,
artifacts/external_review_pack/om_positive_method_pack_20260528_0536/experiments/06_m11b_nemotron/source_files/decoding_config.json,06_m11b_nemotron,json,1297,2026-05-20T20:12:19+00:00,,included,
artifacts/external_review_pack/om_positive_method_pack_20260528_0536/experiments/06_m11b_nemotron/source_files/model_provenance.json,06_m11b_nemotron,json,11172,2026-05-20T20:12:19+00:00,,included,
artifacts/external_review_pack/om_positive_method_pack_20260528_0536/experiments/06_m11b_nemotron/source_files/per_trace_metrics.json,06_m11b_nemotron,json,12156,2026-05-25T07:41:13+00:00,,included,
artifacts/external_review_pack/om_positive_method_pack_20260528_0536/experiments/06_m11b_nemotron/source_files/prompt_manifest.json,06_m11b_nemotron,json,8462,2026-05-20T20:12:19+00:00,,included,
artifacts/external_review_pack/om_positive_method_pack_20260528_0536/experiments/06_m11b_nemotron/source_files/protected_sets.json,06_m11b_nemotron,json,734149,2026-05-21T03:20:26+00:00,,included,
artifacts/external_review_pack/om_positive_method_pack_20260528_0536/experiments/06_m11b_nemotron/source_files/protected_trajectories.json,06_m11b_nemotron,json,6111671,2026-05-21T03:20:26+00:00,,included,
artifacts/external_review_pack/om_positive_method_pack_20260528_0536/experiments/06_m11b_nemotron/source_files/quantization_config.json,06_m11b_nemotron,json,386,2026-05-20T20:12:19+00:00,,included,
artifacts/external_review_pack/om_positive_method_pack_20260528_0536/experiments/06_m11b_nemotron/source_files/random_seed.json,06_m11b_nemotron,json,152,2026-05-24T21:15:05+00:00,,included,
artifacts/external_review_pack/om_positive_method_pack_20260528_0536/experiments/06_m11b_nemotron/source_files/score_cache/bf16.json,06_m11b_nemotron,json,2281,2026-05-21T18:01:02+00:00,,included,
artifacts/external_review_pack/om_positive_method_pack_20260528_0536/experiments/06_m11b_nemotron/source_files/score_cache/m11b_top1.json,06_m11b_nemotron,json,2277,2026-05-22T15:40:34+00:00,,included,
artifacts/external_review_pack/om_positive_method_pack_20260528_0536/experiments/06_m11b_nemotron/source_files/score_cache/m11b_top10.json,06_m11b_nemotron,json,2282,2026-05-23T11:35:05+00:00,,included,
artifacts/external_review_pack/om_positive_method_pack_20260528_0536/experiments/06_m11b_nemotron/source_files/score_cache/m11b_top5.json,06_m11b_nemotron,json,2287,2026-05-23T01:35:09+00:00,,included,
artifacts/external_review_pack/om_positive_method_pack_20260528_0536/experiments/06_m11b_nemotron/source_files/score_cache/static_1pct.json,06_m11b_nemotron,json,2283,2026-05-25T07:41:12+00:00,,included,
artifacts/external_review_pack/om_positive_method_pack_20260528_0536/experiments/06_m11b_nemotron/source_files/score_cache/static_top10.json,06_m11b_nemotron,json,2290,2026-05-23T21:43:49+00:00,,included,
artifacts/external_review_pack/om_positive_method_pack_20260528_0536/experiments/06_m11b_nemotron/summary.md,06_m11b_nemotron,md,725,2026-05-28T05:36:19+00:00,,included,
artifacts/external_review_pack/om_positive_method_pack_20260528_0536/experiments/07_m11b_deepseek/code_snippet.py,07_m11b_deepseek,py,109,2026-05-28T05:36:20+00:00,,included,
artifacts/external_review_pack/om_positive_method_pack_20260528_0536/experiments/07_m11b_deepseek/command.sh,07_m11b_deepseek,sh,259,2026-05-28T05:36:20+00:00,,included,
artifacts/external_review_pack/om_positive_method_pack_20260528_0536/experiments/07_m11b_deepseek/config.json,07_m11b_deepseek,json,868,2026-05-28T05:36:20+00:00,,included,
artifacts/external_review_pack/om_positive_method_pack_20260528_0536/experiments/07_m11b_deepseek/decision.json,07_m11b_deepseek,json,3643,2026-05-28T05:36:19+00:00,,included,
artifacts/external_review_pack/om_positive_method_pack_20260528_0536/experiments/07_m11b_deepseek/logs_tail.txt,07_m11b_deepseek,txt,12124,2026-05-28T05:36:20+00:00,,included,
artifacts/external_review_pack/om_positive_method_pack_20260528_0536/experiments/07_m11b_deepseek/metrics.json,07_m11b_deepseek,json,3909,2026-05-28T05:36:19+00:00,,included,
artifacts/external_review_pack/om_positive_method_pack_20260528_0536/experiments/07_m11b_deepseek/per_trace.csv,07_m11b_deepseek,csv,15987,2026-05-28T05:36:20+00:00,,included,
artifacts/external_review_pack/om_positive_method_pack_20260528_0536/experiments/07_m11b_deepseek/protected_sets_sample.json,07_m11b_deepseek,json,9225,2026-05-28T05:36:20+00:00,,included,
artifacts/external_review_pack/om_positive_method_pack_20260528_0536/experiments/07_m11b_deepseek/source_files/bootstrap_ci.json,07_m11b_deepseek,json,1846,2026-05-27T14:32:10+00:00,,included,
artifacts/external_review_pack/om_positive_method_pack_20260528_0536/experiments/07_m11b_deepseek/source_files/checker_result.json,07_m11b_deepseek,json,3643,2026-05-27T14:32:10+00:00,,included,
artifacts/external_review_pack/om_positive_method_pack_20260528_0536/experiments/07_m11b_deepseek/source_files/command_metadata.json,07_m11b_deepseek,json,814,2026-05-27T12:09:05+00:00,,included,
artifacts/external_review_pack/om_positive_method_pack_20260528_0536/experiments/07_m11b_deepseek/source_files/control_metrics.json,07_m11b_deepseek,json,766,2026-05-27T14:32:10+00:00,,included,
artifacts/external_review_pack/om_positive_method_pack_20260528_0536/experiments/07_m11b_deepseek/source_files/decoding_config.json,07_m11b_deepseek,json,1293,2026-05-27T12:09:05+00:00,,included,
artifacts/external_review_pack/om_positive_method_pack_20260528_0536/experiments/07_m11b_deepseek/source_files/model_provenance.json,07_m11b_deepseek,json,3205,2026-05-27T12:09:05+00:00,,included,
artifacts/external_review_pack/om_positive_method_pack_20260528_0536/experiments/07_m11b_deepseek/source_files/per_trace_metrics.json,07_m11b_deepseek,json,12267,2026-05-27T14:32:10+00:00,,included,
artifacts/external_review_pack/om_positive_method_pack_20260528_0536/experiments/07_m11b_deepseek/source_files/prompt_manifest.json,07_m11b_deepseek,json,8458,2026-05-27T12:09:05+00:00,,included,
artifacts/external_review_pack/om_positive_method_pack_20260528_0536/experiments/07_m11b_deepseek/source_files/protected_sets.json,07_m11b_deepseek,json,238201,2026-05-27T12:25:06+00:00,,included,
artifacts/external_review_pack/om_positive_method_pack_20260528_0536/experiments/07_m11b_deepseek/source_files/protected_trajectories.json,07_m11b_deepseek,json,1946879,2026-05-27T12:25:06+00:00,,included,
artifacts/external_review_pack/om_positive_method_pack_20260528_0536/experiments/07_m11b_deepseek/source_files/quantization_config.json,07_m11b_deepseek,json,382,2026-05-27T12:09:05+00:00,,included,
artifacts/external_review_pack/om_positive_method_pack_20260528_0536/experiments/07_m11b_deepseek/source_files/random_seed.json,07_m11b_deepseek,json,148,2026-05-27T12:09:05+00:00,,included,
artifacts/external_review_pack/om_positive_method_pack_20260528_0536/experiments/07_m11b_deepseek/source_files/score_cache/bf16.json,07_m11b_deepseek,json,2282,2026-05-27T12:39:03+00:00,,included,
artifacts/external_review_pack/om_positive_method_pack_20260528_0536/experiments/07_m11b_deepseek/source_files/score_cache/m11b_top1.json,07_m11b_deepseek,json,2285,2026-05-27T13:24:26+00:00,,included,
artifacts/external_review_pack/om_positive_method_pack_20260528_0536/experiments/07_m11b_deepseek/source_files/score_cache/m11b_top10.json,07_m11b_deepseek,json,2286,2026-05-27T14:09:35+00:00,,included,
artifacts/external_review_pack/om_positive_method_pack_20260528_0536/experiments/07_m11b_deepseek/source_files/score_cache/m11b_top5.json,07_m11b_deepseek,json,2285,2026-05-27T13:46:57+00:00,,included,
artifacts/external_review_pack/om_positive_method_pack_20260528_0536/experiments/07_m11b_deepseek/source_files/score_cache/static_1pct.json,07_m11b_deepseek,json,2289,2026-05-27T13:01:56+00:00,,included,
artifacts/external_review_pack/om_positive_method_pack_20260528_0536/experiments/07_m11b_deepseek/source_files/score_cache/static_top10.json,07_m11b_deepseek,json,2284,2026-05-27T14:32:10+00:00,,included,
artifacts/external_review_pack/om_positive_method_pack_20260528_0536/experiments/07_m11b_deepseek/summary.md,07_m11b_deepseek,md,693,2026-05-28T05:36:20+00:00,,included,
artifacts/external_review_pack/om_positive_method_pack_20260528_0536/experiments/08_m11b_falcon/code_snippet.py,08_m11b_falcon,py,107,2026-05-28T05:36:20+00:00,,included,
artifacts/external_review_pack/om_positive_method_pack_20260528_0536/experiments/08_m11b_falcon/command.sh,08_m11b_falcon,sh,242,2026-05-28T05:36:20+00:00,,included,
artifacts/external_review_pack/om_positive_method_pack_20260528_0536/experiments/08_m11b_falcon/config.json,08_m11b_falcon,json,827,2026-05-28T05:36:20+00:00,,included,
artifacts/external_review_pack/om_positive_method_pack_20260528_0536/experiments/08_m11b_falcon/decision.json,08_m11b_falcon,json,3718,2026-05-28T05:36:20+00:00,,included,
artifacts/external_review_pack/om_positive_method_pack_20260528_0536/experiments/08_m11b_falcon/logs_tail.txt,08_m11b_falcon,txt,12131,2026-05-28T05:36:20+00:00,,included,
artifacts/external_review_pack/om_positive_method_pack_20260528_0536/experiments/08_m11b_falcon/metrics.json,08_m11b_falcon,json,3817,2026-05-28T05:36:20+00:00,,included,
artifacts/external_review_pack/om_positive_method_pack_20260528_0536/experiments/08_m11b_falcon/per_trace.csv,08_m11b_falcon,csv,15851,2026-05-28T05:36:20+00:00,,included,
artifacts/external_review_pack/om_positive_method_pack_20260528_0536/experiments/08_m11b_falcon/protected_sets_sample.json,08_m11b_falcon,json,8667,2026-05-28T05:36:20+00:00,,included,
artifacts/external_review_pack/om_positive_method_pack_20260528_0536/experiments/08_m11b_falcon/source_files/bootstrap_ci.json,08_m11b_falcon,json,1783,2026-05-27T19:20:07+00:00,,included,
artifacts/external_review_pack/om_positive_method_pack_20260528_0536/experiments/08_m11b_falcon/source_files/checker_result.json,08_m11b_falcon,json,3718,2026-05-27T19:20:07+00:00,,included,
artifacts/external_review_pack/om_positive_method_pack_20260528_0536/experiments/08_m11b_falcon/source_files/command_metadata.json,08_m11b_falcon,json,778,2026-05-27T14:34:48+00:00,,included,
artifacts/external_review_pack/om_positive_method_pack_20260528_0536/experiments/08_m11b_falcon/source_files/control_metrics.json,08_m11b_falcon,json,752,2026-05-27T19:20:07+00:00,,included,
artifacts/external_review_pack/om_positive_method_pack_20260528_0536/experiments/08_m11b_falcon/source_files/decoding_config.json,08_m11b_falcon,json,1291,2026-05-27T14:34:48+00:00,,included,
artifacts/external_review_pack/om_positive_method_pack_20260528_0536/experiments/08_m11b_falcon/source_files/model_provenance.json,08_m11b_falcon,json,3386,2026-05-27T14:34:48+00:00,,included,
artifacts/external_review_pack/om_positive_method_pack_20260528_0536/experiments/08_m11b_falcon/source_files/per_trace_metrics.json,08_m11b_falcon,json,12225,2026-05-27T19:20:07+00:00,,included,
artifacts/external_review_pack/om_positive_method_pack_20260528_0536/experiments/08_m11b_falcon/source_files/prompt_manifest.json,08_m11b_falcon,json,8456,2026-05-27T14:34:48+00:00,,included,
artifacts/external_review_pack/om_positive_method_pack_20260528_0536/experiments/08_m11b_falcon/source_files/protected_sets.json,08_m11b_falcon,json,216589,2026-05-27T15:12:08+00:00,,included,
artifacts/external_review_pack/om_positive_method_pack_20260528_0536/experiments/08_m11b_falcon/source_files/protected_trajectories.json,08_m11b_falcon,json,1737517,2026-05-27T15:12:08+00:00,,included,
artifacts/external_review_pack/om_positive_method_pack_20260528_0536/experiments/08_m11b_falcon/source_files/quantization_config.json,08_m11b_falcon,json,380,2026-05-27T14:34:48+00:00,,included,
artifacts/external_review_pack/om_positive_method_pack_20260528_0536/experiments/08_m11b_falcon/source_files/random_seed.json,08_m11b_falcon,json,146,2026-05-27T14:34:48+00:00,,included,
artifacts/external_review_pack/om_positive_method_pack_20260528_0536/experiments/08_m11b_falcon/source_files/score_cache/bf16.json,08_m11b_falcon,json,2267,2026-05-27T15:47:55+00:00,,included,
artifacts/external_review_pack/om_positive_method_pack_20260528_0536/experiments/08_m11b_falcon/source_files/score_cache/m11b_top1.json,08_m11b_falcon,json,2265,2026-05-27T17:12:53+00:00,,included,
artifacts/external_review_pack/om_positive_method_pack_20260528_0536/experiments/08_m11b_falcon/source_files/score_cache/m11b_top10.json,08_m11b_falcon,json,2269,2026-05-27T18:37:39+00:00,,included,
artifacts/external_review_pack/om_positive_method_pack_20260528_0536/experiments/08_m11b_falcon/source_files/score_cache/m11b_top5.json,08_m11b_falcon,json,2261,2026-05-27T17:55:07+00:00,,included,
artifacts/external_review_pack/om_positive_method_pack_20260528_0536/experiments/08_m11b_falcon/source_files/score_cache/static_1pct.json,08_m11b_falcon,json,2264,2026-05-27T16:30:31+00:00,,included,
artifacts/external_review_pack/om_positive_method_pack_20260528_0536/experiments/08_m11b_falcon/source_files/score_cache/static_top10.json,08_m11b_falcon,json,2265,2026-05-27T19:20:07+00:00,,included,
artifacts/external_review_pack/om_positive_method_pack_20260528_0536/experiments/08_m11b_falcon/summary.md,08_m11b_falcon,md,656,2026-05-28T05:36:20+00:00,,included,
artifacts/external_review_pack/om_positive_method_pack_20260528_0536/experiments/09_paroquant_granite/code_snippet.py,09_paroquant_granite,py,113,2026-05-28T05:36:20+00:00,,included,
artifacts/external_review_pack/om_positive_method_pack_20260528_0536/experiments/09_paroquant_granite/command.sh,09_paroquant_granite,sh,672,2026-05-28T05:36:20+00:00,,included,
artifacts/external_review_pack/om_positive_method_pack_20260528_0536/experiments/09_paroquant_granite/config.json,09_paroquant_granite,json,922,2026-05-28T05:36:20+00:00,,included,
artifacts/external_review_pack/om_positive_method_pack_20260528_0536/experiments/09_paroquant_granite/decision.json,09_paroquant_granite,json,605,2026-05-28T05:36:20+00:00,,included,
artifacts/external_review_pack/om_positive_method_pack_20260528_0536/experiments/09_paroquant_granite/logs_tail.txt,09_paroquant_granite,txt,4176,2026-05-28T05:36:20+00:00,,included,
artifacts/external_review_pack/om_positive_method_pack_20260528_0536/experiments/09_paroquant_granite/metrics.json,09_paroquant_granite,json,2217,2026-05-28T05:36:20+00:00,,included,
artifacts/external_review_pack/om_positive_method_pack_20260528_0536/experiments/09_paroquant_granite/per_trace.csv,09_paroquant_granite,csv,4162,2026-05-28T05:36:20+00:00,,included,
artifacts/external_review_pack/om_positive_method_pack_20260528_0536/experiments/09_paroquant_granite/protected_sets_sample.json,09_paroquant_granite,json,2470,2026-05-28T05:36:20+00:00,,included,
artifacts/external_review_pack/om_positive_method_pack_20260528_0536/experiments/09_paroquant_granite/source_files/bootstrap_ci.json,09_paroquant_granite,json,891,2026-05-20T20:06:07+00:00,,included,
artifacts/external_review_pack/om_positive_method_pack_20260528_0536/experiments/09_paroquant_granite/source_files/checker_result.json,09_paroquant_granite,json,605,2026-05-20T20:06:24+00:00,,included,
artifacts/external_review_pack/om_positive_method_pack_20260528_0536/experiments/09_paroquant_granite/source_files/command_metadata.json,09_paroquant_granite,json,1472,2026-05-20T15:53:25+00:00,,included,
artifacts/external_review_pack/om_positive_method_pack_20260528_0536/experiments/09_paroquant_granite/source_files/control_metrics.json,09_paroquant_granite,json,453,2026-05-20T20:06:07+00:00,,included,
artifacts/external_review_pack/om_positive_method_pack_20260528_0536/experiments/09_paroquant_granite/source_files/decoding_config.json,09_paroquant_granite,json,207,2026-05-20T15:53:25+00:00,,included,
artifacts/external_review_pack/om_positive_method_pack_20260528_0536/experiments/09_paroquant_granite/source_files/model_provenance.json,09_paroquant_granite,json,9295,2026-05-20T15:53:25+00:00,,included,
artifacts/external_review_pack/om_positive_method_pack_20260528_0536/experiments/09_paroquant_granite/source_files/per_trace_metrics.json,09_paroquant_granite,json,7805,2026-05-20T20:06:07+00:00,,included,
artifacts/external_review_pack/om_positive_method_pack_20260528_0536/experiments/09_paroquant_granite/source_files/prompt_manifest.json,09_paroquant_granite,json,8460,2026-05-20T15:53:25+00:00,,included,
artifacts/external_review_pack/om_positive_method_pack_20260528_0536/experiments/09_paroquant_granite/source_files/protected_sets.json,09_paroquant_granite,json,38261,2026-05-20T15:53:25+00:00,,included,
artifacts/external_review_pack/om_positive_method_pack_20260528_0536/experiments/09_paroquant_granite/source_files/quantization_config.json,09_paroquant_granite,json,397,2026-05-20T15:53:25+00:00,,included,
artifacts/external_review_pack/om_positive_method_pack_20260528_0536/experiments/09_paroquant_granite/source_files/random_seed.json,09_paroquant_granite,json,150,2026-05-20T15:53:25+00:00,,included,
artifacts/external_review_pack/om_positive_method_pack_20260528_0536/experiments/09_paroquant_granite/source_files/score_cache/bf16.json,09_paroquant_granite,json,2284,2026-05-20T15:53:25+00:00,,included,
artifacts/external_review_pack/om_positive_method_pack_20260528_0536/experiments/09_paroquant_granite/source_files/score_cache/paroquant_w4a16.json,09_paroquant_granite,json,2294,2026-05-20T20:06:07+00:00,,included,
artifacts/external_review_pack/om_positive_method_pack_20260528_0536/experiments/09_paroquant_granite/source_files/score_cache/static_1pct.json,09_paroquant_granite,json,2287,2026-05-20T15:53:25+00:00,,included,
artifacts/external_review_pack/om_positive_method_pack_20260528_0536/experiments/09_paroquant_granite/source_files/source_artifacts.json,09_paroquant_granite,json,1337,2026-05-20T20:06:07+00:00,,included,
artifacts/external_review_pack/om_positive_method_pack_20260528_0536/experiments/09_paroquant_granite/summary.md,09_paroquant_granite,md,731,2026-05-28T05:36:20+00:00,,included,
artifacts/external_review_pack/om_positive_method_pack_20260528_0536/experiments/10_v1_paroquant_nemotron/code_snippet.py,10_v1_paroquant_nemotron,py,117,2026-05-28T05:36:21+00:00,,included,
artifacts/external_review_pack/om_positive_method_pack_20260528_0536/experiments/10_v1_paroquant_nemotron/command.sh,10_v1_paroquant_nemotron,sh,651,2026-05-28T05:36:21+00:00,,included,
artifacts/external_review_pack/om_positive_method_pack_20260528_0536/experiments/10_v1_paroquant_nemotron/config.json,10_v1_paroquant_nemotron,json,902,2026-05-28T05:36:21+00:00,,included,
artifacts/external_review_pack/om_positive_method_pack_20260528_0536/experiments/10_v1_paroquant_nemotron/decision.json,10_v1_paroquant_nemotron,json,244,2026-05-28T05:36:21+00:00,,included,
artifacts/external_review_pack/om_positive_method_pack_20260528_0536/experiments/10_v1_paroquant_nemotron/logs_tail.txt,10_v1_paroquant_nemotron,txt,1720,2026-05-28T05:36:21+00:00,,included,
artifacts/external_review_pack/om_positive_method_pack_20260528_0536/experiments/10_v1_paroquant_nemotron/metrics.json,10_v1_paroquant_nemotron,json,251,2026-05-28T05:36:21+00:00,,included,
artifacts/external_review_pack/om_positive_method_pack_20260528_0536/experiments/10_v1_paroquant_nemotron/per_trace.csv,10_v1_paroquant_nemotron,csv,2,2026-05-28T05:36:21+00:00,,included,
artifacts/external_review_pack/om_positive_method_pack_20260528_0536/experiments/10_v1_paroquant_nemotron/protected_sets_sample.json,10_v1_paroquant_nemotron,json,1875,2026-05-28T05:36:21+00:00,,included,
artifacts/external_review_pack/om_positive_method_pack_20260528_0536/experiments/10_v1_paroquant_nemotron/source_files/command_metadata.json,10_v1_paroquant_nemotron,json,1466,2026-05-28T03:01:38+00:00,,included,
artifacts/external_review_pack/om_positive_method_pack_20260528_0536/experiments/10_v1_paroquant_nemotron/source_files/decoding_config.json,10_v1_paroquant_nemotron,json,210,2026-05-28T03:01:38+00:00,,included,
artifacts/external_review_pack/om_positive_method_pack_20260528_0536/experiments/10_v1_paroquant_nemotron/source_files/model_provenance.json,10_v1_paroquant_nemotron,json,11173,2026-05-28T03:01:38+00:00,,included,
artifacts/external_review_pack/om_positive_method_pack_20260528_0536/experiments/10_v1_paroquant_nemotron/source_files/prompt_manifest.json,10_v1_paroquant_nemotron,json,8463,2026-05-28T03:01:38+00:00,,included,
artifacts/external_review_pack/om_positive_method_pack_20260528_0536/experiments/10_v1_paroquant_nemotron/source_files/protected_sets.json,10_v1_paroquant_nemotron,json,36816,2026-05-28T03:01:38+00:00,,included,
artifacts/external_review_pack/om_positive_method_pack_20260528_0536/experiments/10_v1_paroquant_nemotron/source_files/quantization_config.json,10_v1_paroquant_nemotron,json,400,2026-05-28T03:01:38+00:00,,included,
artifacts/external_review_pack/om_positive_method_pack_20260528_0536/experiments/10_v1_paroquant_nemotron/source_files/random_seed.json,10_v1_paroquant_nemotron,json,153,2026-05-28T03:01:38+00:00,,included,
artifacts/external_review_pack/om_positive_method_pack_20260528_0536/experiments/10_v1_paroquant_nemotron/source_files/score_cache/bf16.json,10_v1_paroquant_nemotron,json,2282,2026-05-28T03:01:38+00:00,,included,
artifacts/external_review_pack/om_positive_method_pack_20260528_0536/experiments/10_v1_paroquant_nemotron/source_files/score_cache/static_1pct.json,10_v1_paroquant_nemotron,json,2284,2026-05-28T03:01:38+00:00,,included,
artifacts/external_review_pack/om_positive_method_pack_20260528_0536/experiments/10_v1_paroquant_nemotron/summary.md,10_v1_paroquant_nemotron,md,709,2026-05-28T05:36:21+00:00,,included,
artifacts/external_review_pack/om_positive_method_pack_20260528_0536/experiments/11_e3_paroquant_plus_m11b/code_snippet.py,11_e3_paroquant_plus_m11b,py,118,2026-05-28T05:36:21+00:00,,included,
artifacts/external_review_pack/om_positive_method_pack_20260528_0536/experiments/11_e3_paroquant_plus_m11b/command.sh,11_e3_paroquant_plus_m11b,sh,214,2026-05-28T05:36:21+00:00,,included,
artifacts/external_review_pack/om_positive_method_pack_20260528_0536/experiments/11_e3_paroquant_plus_m11b/config.json,11_e3_paroquant_plus_m11b,json,924,2026-05-28T05:36:21+00:00,,included,
artifacts/external_review_pack/om_positive_method_pack_20260528_0536/experiments/11_e3_paroquant_plus_m11b/decision.json,11_e3_paroquant_plus_m11b,json,648,2026-05-28T05:36:21+00:00,,included,
artifacts/external_review_pack/om_positive_method_pack_20260528_0536/experiments/11_e3_paroquant_plus_m11b/logs_tail.txt,11_e3_paroquant_plus_m11b,txt,6719,2026-05-28T05:36:21+00:00,,included,
artifacts/external_review_pack/om_positive_method_pack_20260528_0536/experiments/11_e3_paroquant_plus_m11b/metrics.json,11_e3_paroquant_plus_m11b,json,6917,2026-05-28T05:36:21+00:00,,included,
artifacts/external_review_pack/om_positive_method_pack_20260528_0536/experiments/11_e3_paroquant_plus_m11b/per_trace.csv,11_e3_paroquant_plus_m11b,csv,16366,2026-05-28T05:36:21+00:00,,included,
artifacts/external_review_pack/om_positive_method_pack_20260528_0536/experiments/11_e3_paroquant_plus_m11b/protected_sets_sample.json,11_e3_paroquant_plus_m11b,json,4592,2026-05-28T05:36:21+00:00,,included,
artifacts/external_review_pack/om_positive_method_pack_20260528_0536/experiments/11_e3_paroquant_plus_m11b/source_files/bootstrap_ci.json,11_e3_paroquant_plus_m11b,json,5837,2026-05-26T11:59:59+00:00,,included,
artifacts/external_review_pack/om_positive_method_pack_20260528_0536/experiments/11_e3_paroquant_plus_m11b/source_files/checker_result.json,11_e3_paroquant_plus_m11b,json,648,2026-05-26T11:59:59+00:00,,included,
artifacts/external_review_pack/om_positive_method_pack_20260528_0536/experiments/11_e3_paroquant_plus_m11b/source_files/command_metadata.json,11_e3_paroquant_plus_m11b,json,615,2026-05-26T03:44:58+00:00,,included,
artifacts/external_review_pack/om_positive_method_pack_20260528_0536/experiments/11_e3_paroquant_plus_m11b/source_files/control_metrics.json,11_e3_paroquant_plus_m11b,json,1913,2026-05-26T11:59:59+00:00,,included,
artifacts/external_review_pack/om_positive_method_pack_20260528_0536/experiments/11_e3_paroquant_plus_m11b/source_files/decoding_config.json,11_e3_paroquant_plus_m11b,json,270,2026-05-26T03:44:58+00:00,,included,
artifacts/external_review_pack/om_positive_method_pack_20260528_0536/experiments/11_e3_paroquant_plus_m11b/source_files/model_provenance.json,11_e3_paroquant_plus_m11b,json,9288,2026-05-26T03:44:58+00:00,,included,
artifacts/external_review_pack/om_positive_method_pack_20260528_0536/experiments/11_e3_paroquant_plus_m11b/source_files/per_trace_metrics.json,11_e3_paroquant_plus_m11b,json,13052,2026-05-26T11:59:58+00:00,,included,
artifacts/external_review_pack/om_positive_method_pack_20260528_0536/experiments/11_e3_paroquant_plus_m11b/source_files/prompt_manifest.json,11_e3_paroquant_plus_m11b,json,8453,2026-05-26T03:44:58+00:00,,included,
artifacts/external_review_pack/om_positive_method_pack_20260528_0536/experiments/11_e3_paroquant_plus_m11b/source_files/protected_sets.json,11_e3_paroquant_plus_m11b,json,602492,2026-05-26T03:44:58+00:00,,included,
artifacts/external_review_pack/om_positive_method_pack_20260528_0536/experiments/11_e3_paroquant_plus_m11b/source_files/quantization_config.json,11_e3_paroquant_plus_m11b,json,287,2026-05-26T03:44:58+00:00,,included,
artifacts/external_review_pack/om_positive_method_pack_20260528_0536/experiments/11_e3_paroquant_plus_m11b/source_files/random_seed.json,11_e3_paroquant_plus_m11b,json,101,2026-05-26T03:44:58+00:00,,included,
artifacts/external_review_pack/om_positive_method_pack_20260528_0536/experiments/11_e3_paroquant_plus_m11b/source_files/score_cache/bf16.json,11_e3_paroquant_plus_m11b,json,2302,2026-05-26T03:44:58+00:00,,included,
artifacts/external_review_pack/om_positive_method_pack_20260528_0536/experiments/11_e3_paroquant_plus_m11b/source_files/score_cache/m11b_top10.json,11_e3_paroquant_plus_m11b,json,2303,2026-05-26T03:44:58+00:00,,included,
artifacts/external_review_pack/om_positive_method_pack_20260528_0536/experiments/11_e3_paroquant_plus_m11b/source_files/score_cache/paroquant_m11b_top10.json,11_e3_paroquant_plus_m11b,json,2315,2026-05-26T07:51:59+00:00,,included,
artifacts/external_review_pack/om_positive_method_pack_20260528_0536/experiments/11_e3_paroquant_plus_m11b/source_files/score_cache/paroquant_random_top10.json,11_e3_paroquant_plus_m11b,json,2316,2026-05-26T11:59:58+00:00,,included,
artifacts/external_review_pack/om_positive_method_pack_20260528_0536/experiments/11_e3_paroquant_plus_m11b/source_files/score_cache/paroquant_w4a16.json,11_e3_paroquant_plus_m11b,json,2312,2026-05-26T03:44:58+00:00,,included,
artifacts/external_review_pack/om_positive_method_pack_20260528_0536/experiments/11_e3_paroquant_plus_m11b/source_files/score_cache/static_1pct.json,11_e3_paroquant_plus_m11b,json,2305,2026-05-26T03:44:58+00:00,,included,
artifacts/external_review_pack/om_positive_method_pack_20260528_0536/experiments/11_e3_paroquant_plus_m11b/source_files/source_artifacts.json,11_e3_paroquant_plus_m11b,json,689,2026-05-26T03:44:58+00:00,,included,
artifacts/external_review_pack/om_positive_method_pack_20260528_0536/experiments/11_e3_paroquant_plus_m11b/summary.md,11_e3_paroquant_plus_m11b,md,727,2026-05-28T05:36:21+00:00,,included,
artifacts/external_review_pack/om_positive_method_pack_20260528_0536/experiments/12_m18_activation_k/code_snippet.py,12_m18_activation_k,py,112,2026-05-28T05:36:21+00:00,,included,
artifacts/external_review_pack/om_positive_method_pack_20260528_0536/experiments/12_m18_activation_k/command.sh,12_m18_activation_k,sh,546,2026-05-28T05:36:21+00:00,,included,
artifacts/external_review_pack/om_positive_method_pack_20260528_0536/experiments/12_m18_activation_k/config.json,12_m18_activation_k,json,916,2026-05-28T05:36:21+00:00,,included,
artifacts/external_review_pack/om_positive_method_pack_20260528_0536/experiments/12_m18_activation_k/decision.json,12_m18_activation_k,json,4666,2026-05-28T05:36:21+00:00,,included,
artifacts/external_review_pack/om_positive_method_pack_20260528_0536/experiments/12_m18_activation_k/logs_tail.txt,12_m18_activation_k,txt,14255,2026-05-28T05:36:21+00:00,,included,
artifacts/external_review_pack/om_positive_method_pack_20260528_0536/experiments/12_m18_activation_k/metrics.json,12_m18_activation_k,json,4459,2026-05-28T05:36:21+00:00,,included,
artifacts/external_review_pack/om_positive_method_pack_20260528_0536/experiments/12_m18_activation_k/per_trace.csv,12_m18_activation_k,csv,14269,2026-05-28T05:36:21+00:00,,included,
artifacts/external_review_pack/om_positive_method_pack_20260528_0536/experiments/12_m18_activation_k/protected_sets_sample.json,12_m18_activation_k,json,9909,2026-05-28T05:36:21+00:00,,included,
artifacts/external_review_pack/om_positive_method_pack_20260528_0536/experiments/12_m18_activation_k/source_files/bootstrap_ci.json,12_m18_activation_k,json,1865,2026-05-17T14:06:21+00:00,,included,
artifacts/external_review_pack/om_positive_method_pack_20260528_0536/experiments/12_m18_activation_k/source_files/checker_result.json,12_m18_activation_k,json,4666,2026-05-17T14:13:29+00:00,,included,
artifacts/external_review_pack/om_positive_method_pack_20260528_0536/experiments/12_m18_activation_k/source_files/command_metadata.json,12_m18_activation_k,json,1318,2026-05-16T19:38:38+00:00,,included,
artifacts/external_review_pack/om_positive_method_pack_20260528_0536/experiments/12_m18_activation_k/source_files/control_metrics.json,12_m18_activation_k,json,1128,2026-05-17T14:06:21+00:00,,included,
artifacts/external_review_pack/om_positive_method_pack_20260528_0536/experiments/12_m18_activation_k/source_files/decoding_config.json,12_m18_activation_k,json,370,2026-05-16T19:38:38+00:00,,included,
artifacts/external_review_pack/om_positive_method_pack_20260528_0536/experiments/12_m18_activation_k/source_files/model_provenance.json,12_m18_activation_k,json,9287,2026-05-16T19:38:38+00:00,,included,
artifacts/external_review_pack/om_positive_method_pack_20260528_0536/experiments/12_m18_activation_k/source_files/per_trace_metrics.json,12_m18_activation_k,json,13488,2026-05-17T14:06:21+00:00,,included,
artifacts/external_review_pack/om_positive_method_pack_20260528_0536/experiments/12_m18_activation_k/source_files/prompt_manifest.json,12_m18_activation_k,json,8452,2026-05-16T19:38:38+00:00,,included,
artifacts/external_review_pack/om_positive_method_pack_20260528_0536/experiments/12_m18_activation_k/source_files/protected_sets.json,12_m18_activation_k,json,259166,2026-05-16T21:15:18+00:00,,included,
artifacts/external_review_pack/om_positive_method_pack_20260528_0536/experiments/12_m18_activation_k/source_files/quantization_config.json,12_m18_activation_k,json,568,2026-05-16T19:38:38+00:00,,included,
artifacts/external_review_pack/om_positive_method_pack_20260528_0536/experiments/12_m18_activation_k/source_files/random_seed.json,12_m18_activation_k,json,177,2026-05-16T19:38:38+00:00,,included,
artifacts/external_review_pack/om_positive_method_pack_20260528_0536/experiments/12_m18_activation_k/source_files/score_cache/bf16.json,12_m18_activation_k,json,2276,2026-05-16T21:15:18+00:00,,included,
artifacts/external_review_pack/om_positive_method_pack_20260528_0536/experiments/12_m18_activation_k/source_files/score_cache/kivi_key_only.json,12_m18_activation_k,json,2269,2026-05-17T01:28:15+00:00,,included,
artifacts/external_review_pack/om_positive_method_pack_20260528_0536/experiments/12_m18_activation_k/source_files/score_cache/m18_activation_k.json,12_m18_activation_k,json,2284,2026-05-17T05:40:57+00:00,,included,
artifacts/external_review_pack/om_positive_method_pack_20260528_0536/experiments/12_m18_activation_k/source_files/score_cache/m18_activation_kv.json,12_m18_activation_k,json,2285,2026-05-17T09:55:11+00:00,,included,
artifacts/external_review_pack/om_positive_method_pack_20260528_0536/experiments/12_m18_activation_k/source_files/score_cache/random_coupled_activation_k.json,12_m18_activation_k,json,2281,2026-05-17T14:06:21+00:00,,included,
artifacts/external_review_pack/om_positive_method_pack_20260528_0536/experiments/12_m18_activation_k/source_files/score_cache/static_activation_1pct.json,12_m18_activation_k,json,2290,2026-05-16T21:15:18+00:00,,included,
artifacts/external_review_pack/om_positive_method_pack_20260528_0536/experiments/12_m18_activation_k/summary.md,12_m18_activation_k,md,723,2026-05-28T05:36:21+00:00,,included,
artifacts/external_review_pack/om_positive_method_pack_20260528_0536/experiments/13_m26_stable_core/code_snippet.py,13_m26_stable_core,py,111,2026-05-28T05:36:22+00:00,,included,
artifacts/external_review_pack/om_positive_method_pack_20260528_0536/experiments/13_m26_stable_core/command.sh,13_m26_stable_core,sh,553,2026-05-28T05:36:22+00:00,,included,
artifacts/external_review_pack/om_positive_method_pack_20260528_0536/experiments/13_m26_stable_core/config.json,13_m26_stable_core,json,903,2026-05-28T05:36:22+00:00,,included,
artifacts/external_review_pack/om_positive_method_pack_20260528_0536/experiments/13_m26_stable_core/decision.json,13_m26_stable_core,json,2640,2026-05-28T05:36:21+00:00,,included,
artifacts/external_review_pack/om_positive_method_pack_20260528_0536/experiments/13_m26_stable_core/logs_tail.txt,13_m26_stable_core,txt,10293,2026-05-28T05:36:22+00:00,,included,
artifacts/external_review_pack/om_positive_method_pack_20260528_0536/experiments/13_m26_stable_core/metrics.json,13_m26_stable_core,json,2585,2026-05-28T05:36:21+00:00,,included,
artifacts/external_review_pack/om_positive_method_pack_20260528_0536/experiments/13_m26_stable_core/per_trace.csv,13_m26_stable_core,csv,12009,2026-05-28T05:36:22+00:00,,included,
artifacts/external_review_pack/om_positive_method_pack_20260528_0536/experiments/13_m26_stable_core/protected_sets_sample.json,13_m26_stable_core,json,7908,2026-05-28T05:36:22+00:00,,included,
artifacts/external_review_pack/om_positive_method_pack_20260528_0536/experiments/13_m26_stable_core/source_files/bootstrap_ci.json,13_m26_stable_core,json,1372,2026-05-19T08:39:50+00:00,,included,
artifacts/external_review_pack/om_positive_method_pack_20260528_0536/experiments/13_m26_stable_core/source_files/checker_result.json,13_m26_stable_core,json,2640,2026-05-19T08:43:57+00:00,,included,
artifacts/external_review_pack/om_positive_method_pack_20260528_0536/experiments/13_m26_stable_core/source_files/command_metadata.json,13_m26_stable_core,json,1332,2026-05-18T20:11:00+00:00,,included,
artifacts/external_review_pack/om_positive_method_pack_20260528_0536/experiments/13_m26_stable_core/source_files/control_metrics.json,13_m26_stable_core,json,767,2026-05-19T08:39:50+00:00,,included,
artifacts/external_review_pack/om_positive_method_pack_20260528_0536/experiments/13_m26_stable_core/source_files/decoding_config.json,13_m26_stable_core,json,199,2026-05-18T20:11:00+00:00,,included,
artifacts/external_review_pack/om_positive_method_pack_20260528_0536/experiments/13_m26_stable_core/source_files/model_provenance.json,13_m26_stable_core,json,9287,2026-05-18T20:11:00+00:00,,included,
artifacts/external_review_pack/om_positive_method_pack_20260528_0536/experiments/13_m26_stable_core/source_files/per_trace_metrics.json,13_m26_stable_core,json,11286,2026-05-19T08:39:50+00:00,,included,
artifacts/external_review_pack/om_positive_method_pack_20260528_0536/experiments/13_m26_stable_core/source_files/prompt_manifest.json,13_m26_stable_core,json,8452,2026-05-18T20:11:00+00:00,,included,
artifacts/external_review_pack/om_positive_method_pack_20260528_0536/experiments/13_m26_stable_core/source_files/protected_sets.json,13_m26_stable_core,json,132182,2026-05-18T20:11:16+00:00,,included,
artifacts/external_review_pack/om_positive_method_pack_20260528_0536/experiments/13_m26_stable_core/source_files/quantization_config.json,13_m26_stable_core,json,360,2026-05-18T20:11:00+00:00,,included,
artifacts/external_review_pack/om_positive_method_pack_20260528_0536/experiments/13_m26_stable_core/source_files/random_seed.json,13_m26_stable_core,json,142,2026-05-18T20:11:00+00:00,,included,
artifacts/external_review_pack/om_positive_method_pack_20260528_0536/experiments/13_m26_stable_core/source_files/score_cache/bf16.json,13_m26_stable_core,json,2276,2026-05-18T20:11:16+00:00,,included,
artifacts/external_review_pack/om_positive_method_pack_20260528_0536/experiments/13_m26_stable_core/source_files/score_cache/core_current_top1_union.json,13_m26_stable_core,json,2287,2026-05-19T04:28:08+00:00,,included,
artifacts/external_review_pack/om_positive_method_pack_20260528_0536/experiments/13_m26_stable_core/source_files/score_cache/m26_core.json,13_m26_stable_core,json,2279,2026-05-19T00:18:38+00:00,,included,
artifacts/external_review_pack/om_positive_method_pack_20260528_0536/experiments/13_m26_stable_core/source_files/score_cache/random_matched_core.json,13_m26_stable_core,json,2272,2026-05-19T08:39:50+00:00,,included,
artifacts/external_review_pack/om_positive_method_pack_20260528_0536/experiments/13_m26_stable_core/source_files/score_cache/static_1pct.json,13_m26_stable_core,json,2279,2026-05-18T20:11:16+00:00,,included,
artifacts/external_review_pack/om_positive_method_pack_20260528_0536/experiments/13_m26_stable_core/summary.md,13_m26_stable_core,md,711,2026-05-28T05:36:22+00:00,,included,
artifacts/external_review_pack/om_positive_method_pack_20260528_0536/experiments/14_decdec_proxy/code_snippet.py,14_decdec_proxy,py,108,2026-05-28T05:36:22+00:00,,included,
artifacts/external_review_pack/om_positive_method_pack_20260528_0536/experiments/14_decdec_proxy/command.sh,14_decdec_proxy,sh,541,2026-05-28T05:36:22+00:00,,included,
artifacts/external_review_pack/om_positive_method_pack_20260528_0536/experiments/14_decdec_proxy/config.json,14_decdec_proxy,json,931,2026-05-28T05:36:22+00:00,,included,
artifacts/external_review_pack/om_positive_method_pack_20260528_0536/experiments/14_decdec_proxy/decision.json,14_decdec_proxy,json,3138,2026-05-28T05:36:22+00:00,,included,
artifacts/external_review_pack/om_positive_method_pack_20260528_0536/experiments/14_decdec_proxy/logs_tail.txt,14_decdec_proxy,txt,10902,2026-05-28T05:36:22+00:00,,included,
artifacts/external_review_pack/om_positive_method_pack_20260528_0536/experiments/14_decdec_proxy/metrics.json,14_decdec_proxy,json,3674,2026-05-28T05:36:22+00:00,,included,
artifacts/external_review_pack/om_positive_method_pack_20260528_0536/experiments/14_decdec_proxy/per_trace.csv,14_decdec_proxy,csv,11923,2026-05-28T05:36:22+00:00,,included,
artifacts/external_review_pack/om_positive_method_pack_20260528_0536/experiments/14_decdec_proxy/protected_sets_sample.json,14_decdec_proxy,json,9402,2026-05-28T05:36:22+00:00,,included,
artifacts/external_review_pack/om_positive_method_pack_20260528_0536/experiments/14_decdec_proxy/source_files/bootstrap_ci.json,14_decdec_proxy,json,1450,2026-05-18T02:39:37+00:00,,included,
artifacts/external_review_pack/om_positive_method_pack_20260528_0536/experiments/14_decdec_proxy/source_files/checker_result.json,14_decdec_proxy,json,3138,2026-05-18T02:41:07+00:00,,included,
artifacts/external_review_pack/om_positive_method_pack_20260528_0536/experiments/14_decdec_proxy/source_files/command_metadata.json,14_decdec_proxy,json,1311,2026-05-17T14:14:40+00:00,,included,
artifacts/external_review_pack/om_positive_method_pack_20260528_0536/experiments/14_decdec_proxy/source_files/control_metrics.json,14_decdec_proxy,json,1123,2026-05-18T02:39:37+00:00,,included,
artifacts/external_review_pack/om_positive_method_pack_20260528_0536/experiments/14_decdec_proxy/source_files/decoding_config.json,14_decdec_proxy,json,427,2026-05-17T14:14:40+00:00,,included,
artifacts/external_review_pack/om_positive_method_pack_20260528_0536/experiments/14_decdec_proxy/source_files/model_provenance.json,14_decdec_proxy,json,9290,2026-05-17T14:14:40+00:00,,included,
artifacts/external_review_pack/om_positive_method_pack_20260528_0536/experiments/14_decdec_proxy/source_files/per_trace_metrics.json,14_decdec_proxy,json,11579,2026-05-18T02:39:37+00:00,,included,
artifacts/external_review_pack/om_positive_method_pack_20260528_0536/experiments/14_decdec_proxy/source_files/prompt_manifest.json,14_decdec_proxy,json,8455,2026-05-17T14:14:40+00:00,,included,
artifacts/external_review_pack/om_positive_method_pack_20260528_0536/experiments/14_decdec_proxy/source_files/protected_sets.json,14_decdec_proxy,json,416334,2026-05-17T14:14:48+00:00,,included,
artifacts/external_review_pack/om_positive_method_pack_20260528_0536/experiments/14_decdec_proxy/source_files/quantization_config.json,14_decdec_proxy,json,442,2026-05-17T14:14:40+00:00,,included,
artifacts/external_review_pack/om_positive_method_pack_20260528_0536/experiments/14_decdec_proxy/source_files/random_seed.json,14_decdec_proxy,json,180,2026-05-17T14:14:40+00:00,,included,
artifacts/external_review_pack/om_positive_method_pack_20260528_0536/experiments/14_decdec_proxy/source_files/score_cache/bf16.json,14_decdec_proxy,json,2279,2026-05-17T14:14:48+00:00,,included,
artifacts/external_review_pack/om_positive_method_pack_20260528_0536/experiments/14_decdec_proxy/source_files/score_cache/decdec_reactive_top1_proxy.json,14_decdec_proxy,json,2294,2026-05-17T18:23:00+00:00,,included,
artifacts/external_review_pack/om_positive_method_pack_20260528_0536/experiments/14_decdec_proxy/source_files/score_cache/random_reactive_top1.json,14_decdec_proxy,json,2280,2026-05-18T02:39:37+00:00,,included,
artifacts/external_review_pack/om_positive_method_pack_20260528_0536/experiments/14_decdec_proxy/source_files/score_cache/static_1pct.json,14_decdec_proxy,json,2282,2026-05-17T14:14:48+00:00,,included,
artifacts/external_review_pack/om_positive_method_pack_20260528_0536/experiments/14_decdec_proxy/source_files/score_cache/static_top10.json,14_decdec_proxy,json,2281,2026-05-17T22:31:52+00:00,,included,
artifacts/external_review_pack/om_positive_method_pack_20260528_0536/experiments/14_decdec_proxy/summary.md,14_decdec_proxy,md,730,2026-05-28T05:36:22+00:00,,included,
artifacts/external_review_pack/om_positive_method_pack_20260528_0536/experiments/15_kl_fft_diagnostics/code_snippet.py,15_kl_fft_diagnostics,py,114,2026-05-28T05:36:22+00:00,,included,
artifacts/external_review_pack/om_positive_method_pack_20260528_0536/experiments/15_kl_fft_diagnostics/command.sh,15_kl_fft_diagnostics,sh,472,2026-05-28T05:36:22+00:00,,included,
artifacts/external_review_pack/om_positive_method_pack_20260528_0536/experiments/15_kl_fft_diagnostics/config.json,15_kl_fft_diagnostics,json,1123,2026-05-28T05:36:22+00:00,,included,
artifacts/external_review_pack/om_positive_method_pack_20260528_0536/experiments/15_kl_fft_diagnostics/decision.json,15_kl_fft_diagnostics,json,658,2026-05-28T05:36:22+00:00,,included,
artifacts/external_review_pack/om_positive_method_pack_20260528_0536/experiments/15_kl_fft_diagnostics/logs_tail.txt,15_kl_fft_diagnostics,txt,13488,2026-05-28T05:36:22+00:00,,included,
artifacts/external_review_pack/om_positive_method_pack_20260528_0536/experiments/15_kl_fft_diagnostics/metrics.json,15_kl_fft_diagnostics,json,365,2026-05-28T05:36:22+00:00,,included,
artifacts/external_review_pack/om_positive_method_pack_20260528_0536/experiments/15_kl_fft_diagnostics/per_trace.csv,15_kl_fft_diagnostics,csv,2,2026-05-28T05:36:22+00:00,,included,
artifacts/external_review_pack/om_positive_method_pack_20260528_0536/experiments/15_kl_fft_diagnostics/protected_sets_sample.json,15_kl_fft_diagnostics,json,7163,2026-05-28T05:36:22+00:00,,included,
artifacts/external_review_pack/om_positive_method_pack_20260528_0536/experiments/15_kl_fft_diagnostics/source_files/checker_result.json,15_kl_fft_diagnostics,json,658,2026-05-20T15:36:15+00:00,,included,
artifacts/external_review_pack/om_positive_method_pack_20260528_0536/experiments/15_kl_fft_diagnostics/source_files/command_metadata.json,15_kl_fft_diagnostics,json,1059,2026-05-19T08:53:48+00:00,,included,
artifacts/external_review_pack/om_positive_method_pack_20260528_0536/experiments/15_kl_fft_diagnostics/source_files/decoding_config.json,15_kl_fft_diagnostics,json,223,2026-05-19T08:53:48+00:00,,included,
artifacts/external_review_pack/om_positive_method_pack_20260528_0536/experiments/15_kl_fft_diagnostics/source_files/model_provenance.json,15_kl_fft_diagnostics,json,9287,2026-05-19T08:53:48+00:00,,included,
artifacts/external_review_pack/om_positive_method_pack_20260528_0536/experiments/15_kl_fft_diagnostics/source_files/prompt_manifest.json,15_kl_fft_diagnostics,json,8452,2026-05-19T08:53:48+00:00,,included,
artifacts/external_review_pack/om_positive_method_pack_20260528_0536/experiments/15_kl_fft_diagnostics/source_files/protected_sets.json,15_kl_fft_diagnostics,json,122719,2026-05-19T08:53:48+00:00,,included,
artifacts/external_review_pack/om_positive_method_pack_20260528_0536/experiments/15_kl_fft_diagnostics/source_files/quantization_config.json,15_kl_fft_diagnostics,json,392,2026-05-19T08:53:48+00:00,,included,
artifacts/external_review_pack/om_positive_method_pack_20260528_0536/experiments/15_kl_fft_diagnostics/source_files/random_seed.json,15_kl_fft_diagnostics,json,87,2026-05-19T08:53:48+00:00,,included,
artifacts/external_review_pack/om_positive_method_pack_20260528_0536/experiments/15_kl_fft_diagnostics/source_files/source_artifacts.json,15_kl_fft_diagnostics,json,5034,2026-05-19T08:53:48+00:00,,included,
artifacts/external_review_pack/om_positive_method_pack_20260528_0536/experiments/15_kl_fft_diagnostics/summary.md,15_kl_fft_diagnostics,md,823,2026-05-28T05:36:22+00:00,,included,
artifacts/external_review_pack/om_positive_method_pack_20260528_0536/experiments/16_e2_cross_prompt/code_snippet.py,16_e2_cross_prompt,py,111,2026-05-28T05:36:22+00:00,,included,
artifacts/external_review_pack/om_positive_method_pack_20260528_0536/experiments/16_e2_cross_prompt/command.sh,16_e2_cross_prompt,sh,292,2026-05-28T05:36:22+00:00,,included,
artifacts/external_review_pack/om_positive_method_pack_20260528_0536/experiments/16_e2_cross_prompt/config.json,16_e2_cross_prompt,json,863,2026-05-28T05:36:22+00:00,,included,
artifacts/external_review_pack/om_positive_method_pack_20260528_0536/experiments/16_e2_cross_prompt/decision.json,16_e2_cross_prompt,json,714,2026-05-28T05:36:22+00:00,,included,
artifacts/external_review_pack/om_positive_method_pack_20260528_0536/experiments/16_e2_cross_prompt/logs_tail.txt,16_e2_cross_prompt,txt,11895,2026-05-28T05:36:22+00:00,,included,
artifacts/external_review_pack/om_positive_method_pack_20260528_0536/experiments/16_e2_cross_prompt/metrics.json,16_e2_cross_prompt,json,21968,2026-05-28T05:36:22+00:00,,included,
artifacts/external_review_pack/om_positive_method_pack_20260528_0536/experiments/16_e2_cross_prompt/per_trace.csv,16_e2_cross_prompt,csv,2,2026-05-28T05:36:22+00:00,,included,
artifacts/external_review_pack/om_positive_method_pack_20260528_0536/experiments/16_e2_cross_prompt/source_files/bootstrap_ci.json,16_e2_cross_prompt,json,139,2026-05-26T23:32:15+00:00,,included,
artifacts/external_review_pack/om_positive_method_pack_20260528_0536/experiments/16_e2_cross_prompt/source_files/checker_result.json,16_e2_cross_prompt,json,714,2026-05-26T23:32:24+00:00,,included,
artifacts/external_review_pack/om_positive_method_pack_20260528_0536/experiments/16_e2_cross_prompt/source_files/command_metadata.json,16_e2_cross_prompt,json,568,2026-05-26T12:04:30+00:00,,included,
artifacts/external_review_pack/om_positive_method_pack_20260528_0536/experiments/16_e2_cross_prompt/source_files/prompt_manifest.json,16_e2_cross_prompt,json,15760,2026-05-26T12:04:30+00:00,,included,
artifacts/external_review_pack/om_positive_method_pack_20260528_0536/experiments/16_e2_cross_prompt/source_files/random_seed.json,16_e2_cross_prompt,json,99,2026-05-26T12:04:30+00:00,,included,
artifacts/external_review_pack/om_positive_method_pack_20260528_0536/experiments/16_e2_cross_prompt/summary.md,16_e2_cross_prompt,md,670,2026-05-28T05:36:22+00:00,,included,
artifacts/external_review_pack/om_positive_method_pack_20260528_0536/experiments/17_mpred/code_snippet.py,17_mpred,py,101,2026-05-28T05:36:22+00:00,,included,
artifacts/external_review_pack/om_positive_method_pack_20260528_0536/experiments/17_mpred/command.sh,17_mpred,sh,321,2026-05-28T05:36:22+00:00,,included,
artifacts/external_review_pack/om_positive_method_pack_20260528_0536/experiments/17_mpred/config.json,17_mpred,json,1299,2026-05-28T05:36:22+00:00,,included,
artifacts/external_review_pack/om_positive_method_pack_20260528_0536/experiments/17_mpred/decision.json,17_mpred,json,4230,2026-05-28T05:36:22+00:00,,included,
artifacts/external_review_pack/om_positive_method_pack_20260528_0536/experiments/17_mpred/logs_tail.txt,17_mpred,txt,8036,2026-05-28T05:36:22+00:00,,included,
artifacts/external_review_pack/om_positive_method_pack_20260528_0536/experiments/17_mpred/metrics.json,17_mpred,json,4890,2026-05-28T05:36:22+00:00,,included,
artifacts/external_review_pack/om_positive_method_pack_20260528_0536/experiments/17_mpred/per_trace.csv,17_mpred,csv,52509,2026-05-28T05:36:22+00:00,,included,
artifacts/external_review_pack/om_positive_method_pack_20260528_0536/experiments/17_mpred/protected_sets_sample.json,17_mpred,json,17998,2026-05-28T05:36:22+00:00,,included,
artifacts/external_review_pack/om_positive_method_pack_20260528_0536/experiments/17_mpred/source_files/bootstrap_ci.json,17_mpred,json,2253,2026-05-28T00:44:42+00:00,,included,
artifacts/external_review_pack/om_positive_method_pack_20260528_0536/experiments/17_mpred/source_files/checker_result.json,17_mpred,json,4230,2026-05-28T00:50:13+00:00,,included,
artifacts/external_review_pack/om_positive_method_pack_20260528_0536/experiments/17_mpred/source_files/command_metadata.json,17_mpred,json,1117,2026-05-27T20:13:01+00:00,,included,
artifacts/external_review_pack/om_positive_method_pack_20260528_0536/experiments/17_mpred/source_files/control_metrics.json,17_mpred,json,790,2026-05-28T00:44:42+00:00,,included,
artifacts/external_review_pack/om_positive_method_pack_20260528_0536/experiments/17_mpred/source_files/decoding_config.json,17_mpred,json,1288,2026-05-18T03:03:31+00:00,,included,
artifacts/external_review_pack/om_positive_method_pack_20260528_0536/experiments/17_mpred/source_files/model_provenance.json,17_mpred,json,9288,2026-05-18T03:03:31+00:00,,included,
artifacts/external_review_pack/om_positive_method_pack_20260528_0536/experiments/17_mpred/source_files/per_trace_metrics.json,17_mpred,json,14403,2026-05-28T00:44:42+00:00,,included,
artifacts/external_review_pack/om_positive_method_pack_20260528_0536/experiments/17_mpred/source_files/prompt_manifest.json,17_mpred,json,8453,2026-05-18T03:03:31+00:00,,included,
artifacts/external_review_pack/om_positive_method_pack_20260528_0536/experiments/17_mpred/source_files/protected_sets.json,17_mpred,json,2046802,2026-05-27T20:13:40+00:00,,included,
artifacts/external_review_pack/om_positive_method_pack_20260528_0536/experiments/17_mpred/source_files/quantization_config.json,17_mpred,json,377,2026-05-18T03:03:31+00:00,,included,
artifacts/external_review_pack/om_positive_method_pack_20260528_0536/experiments/17_mpred/source_files/random_seed.json,17_mpred,json,144,2026-05-27T20:13:01+00:00,,included,
artifacts/external_review_pack/om_positive_method_pack_20260528_0536/experiments/17_mpred/source_files/score_cache/bf16.json,17_mpred,json,2278,2026-05-27T20:13:41+00:00,,included,
artifacts/external_review_pack/om_positive_method_pack_20260528_0536/experiments/17_mpred/source_files/score_cache/m11b_top10.json,17_mpred,json,2279,2026-05-27T20:13:41+00:00,,included,
artifacts/external_review_pack/om_positive_method_pack_20260528_0536/experiments/17_mpred/source_files/score_cache/m11b_top5.json,17_mpred,json,2282,2026-05-27T20:13:41+00:00,,included,
artifacts/external_review_pack/om_positive_method_pack_20260528_0536/experiments/17_mpred/source_files/score_cache/mpred_top10_alpha_0_95.json,17_mpred,json,2286,2026-05-27T22:27:42+00:00,,included,
artifacts/external_review_pack/om_positive_method_pack_20260528_0536/experiments/17_mpred/source_files/score_cache/mpred_top5_alpha_0_95.json,17_mpred,json,2286,2026-05-28T00:42:04+00:00,,included,
artifacts/external_review_pack/om_positive_method_pack_20260528_0536/experiments/17_mpred/source_files/score_cache/static_1pct.json,17_mpred,json,2281,2026-05-27T20:13:41+00:00,,included,
artifacts/external_review_pack/om_positive_method_pack_20260528_0536/experiments/17_mpred/source_files/score_cache/static_top10.json,17_mpred,json,2279,2026-05-27T20:13:41+00:00,,included,
artifacts/external_review_pack/om_positive_method_pack_20260528_0536/experiments/17_mpred/summary.md,17_mpred,md,896,2026-05-28T05:36:22+00:00,,included,
artifacts/external_review_pack/om_positive_method_pack_20260528_0536/experiments/18_wjac_prefilter/code_snippet.py,18_wjac_prefilter,py,110,2026-05-28T05:36:23+00:00,,included,
artifacts/external_review_pack/om_positive_method_pack_20260528_0536/experiments/18_wjac_prefilter/command.sh,18_wjac_prefilter,sh,86,2026-05-28T05:36:23+00:00,,included,
artifacts/external_review_pack/om_positive_method_pack_20260528_0536/experiments/18_wjac_prefilter/config.json,18_wjac_prefilter,json,1014,2026-05-28T05:36:23+00:00,,included,
artifacts/external_review_pack/om_positive_method_pack_20260528_0536/experiments/18_wjac_prefilter/decision.json,18_wjac_prefilter,json,294,2026-05-28T05:36:23+00:00,,included,
artifacts/external_review_pack/om_positive_method_pack_20260528_0536/experiments/18_wjac_prefilter/logs_tail.txt,18_wjac_prefilter,txt,38,2026-05-28T05:36:23+00:00,,included,
artifacts/external_review_pack/om_positive_method_pack_20260528_0536/experiments/18_wjac_prefilter/metrics.json,18_wjac_prefilter,json,301,2026-05-28T05:36:23+00:00,,included,
artifacts/external_review_pack/om_positive_method_pack_20260528_0536/experiments/18_wjac_prefilter/per_trace.csv,18_wjac_prefilter,csv,2,2026-05-28T05:36:23+00:00,,included,
artifacts/external_review_pack/om_positive_method_pack_20260528_0536/experiments/18_wjac_prefilter/source_files/decision.json,18_wjac_prefilter,json,12436,2026-05-28T04:15:28+00:00,,included,
artifacts/external_review_pack/om_positive_method_pack_20260528_0536/experiments/18_wjac_prefilter/source_files/report.md,18_wjac_prefilter,md,3887,2026-05-28T04:15:28+00:00,,included,
artifacts/external_review_pack/om_positive_method_pack_20260528_0536/experiments/18_wjac_prefilter/source_files/wjac_scores.parquet,18_wjac_prefilter,parquet,4806663,2026-05-28T04:14:37+00:00,,included,
artifacts/external_review_pack/om_positive_method_pack_20260528_0536/experiments/18_wjac_prefilter/summary.md,18_wjac_prefilter,md,768,2026-05-28T05:36:23+00:00,,included,
artifacts/external_review_pack/om_positive_method_pack_20260528_0536/experiments/19_lambda_prefilter/code_snippet.py,19_lambda_prefilter,py,112,2026-05-28T05:36:23+00:00,,included,
artifacts/external_review_pack/om_positive_method_pack_20260528_0536/experiments/19_lambda_prefilter/command.sh,19_lambda_prefilter,sh,86,2026-05-28T05:36:23+00:00,,included,
artifacts/external_review_pack/om_positive_method_pack_20260528_0536/experiments/19_lambda_prefilter/config.json,19_lambda_prefilter,json,1022,2026-05-28T05:36:23+00:00,,included,
artifacts/external_review_pack/om_positive_method_pack_20260528_0536/experiments/19_lambda_prefilter/decision.json,19_lambda_prefilter,json,298,2026-05-28T05:36:23+00:00,,included,
artifacts/external_review_pack/om_positive_method_pack_20260528_0536/experiments/19_lambda_prefilter/logs_tail.txt,19_lambda_prefilter,txt,38,2026-05-28T05:36:23+00:00,,included,
artifacts/external_review_pack/om_positive_method_pack_20260528_0536/experiments/19_lambda_prefilter/metrics.json,19_lambda_prefilter,json,314,2026-05-28T05:36:23+00:00,,included,
artifacts/external_review_pack/om_positive_method_pack_20260528_0536/experiments/19_lambda_prefilter/per_trace.csv,19_lambda_prefilter,csv,2,2026-05-28T05:36:23+00:00,,included,
artifacts/external_review_pack/om_positive_method_pack_20260528_0536/experiments/19_lambda_prefilter/source_files/decision.json,19_lambda_prefilter,json,514907,2026-05-28T04:15:02+00:00,,included,
artifacts/external_review_pack/om_positive_method_pack_20260528_0536/experiments/19_lambda_prefilter/source_files/report.md,19_lambda_prefilter,md,7833,2026-05-28T04:14:54+00:00,,included,
artifacts/external_review_pack/om_positive_method_pack_20260528_0536/experiments/19_lambda_prefilter/source_files/smoke_traces.json,19_lambda_prefilter,json,4445,2026-05-28T04:14:34+00:00,,included,
artifacts/external_review_pack/om_positive_method_pack_20260528_0536/experiments/19_lambda_prefilter/summary.md,19_lambda_prefilter,md,765,2026-05-28T05:36:23+00:00,,included,
artifacts/external_review_pack/om_positive_method_pack_20260528_0536/experiments/20_hyst_prefilter/code_snippet.py,20_hyst_prefilter,py,110,2026-05-28T05:36:23+00:00,,included,
artifacts/external_review_pack/om_positive_method_pack_20260528_0536/experiments/20_hyst_prefilter/command.sh,20_hyst_prefilter,sh,86,2026-05-28T05:36:23+00:00,,included,
artifacts/external_review_pack/om_positive_method_pack_20260528_0536/experiments/20_hyst_prefilter/config.json,20_hyst_prefilter,json,1000,2026-05-28T05:36:23+00:00,,included,
artifacts/external_review_pack/om_positive_method_pack_20260528_0536/experiments/20_hyst_prefilter/decision.json,20_hyst_prefilter,json,301,2026-05-28T05:36:23+00:00,,included,
artifacts/external_review_pack/om_positive_method_pack_20260528_0536/experiments/20_hyst_prefilter/logs_tail.txt,20_hyst_prefilter,txt,38,2026-05-28T05:36:23+00:00,,included,
artifacts/external_review_pack/om_positive_method_pack_20260528_0536/experiments/20_hyst_prefilter/metrics.json,20_hyst_prefilter,json,312,2026-05-28T05:36:23+00:00,,included,
artifacts/external_review_pack/om_positive_method_pack_20260528_0536/experiments/20_hyst_prefilter/per_trace.csv,20_hyst_prefilter,csv,2,2026-05-28T05:36:23+00:00,,included,
artifacts/external_review_pack/om_positive_method_pack_20260528_0536/experiments/20_hyst_prefilter/source_files/decision.json,20_hyst_prefilter,json,514907,2026-05-28T04:15:02+00:00,,included,
artifacts/external_review_pack/om_positive_method_pack_20260528_0536/experiments/20_hyst_prefilter/source_files/report.md,20_hyst_prefilter,md,7833,2026-05-28T04:14:54+00:00,,included,
artifacts/external_review_pack/om_positive_method_pack_20260528_0536/experiments/20_hyst_prefilter/source_files/smoke_traces.json,20_hyst_prefilter,json,4445,2026-05-28T04:14:34+00:00,,included,
artifacts/external_review_pack/om_positive_method_pack_20260528_0536/experiments/20_hyst_prefilter/summary.md,20_hyst_prefilter,md,747,2026-05-28T05:36:23+00:00,,included,
artifacts/external_review_pack/om_positive_method_pack_20260528_0536/experiments/21_msurface_diagnostic/code_snippet.py,21_msurface_diagnostic,py,115,2026-05-28T05:36:23+00:00,,included,
artifacts/external_review_pack/om_positive_method_pack_20260528_0536/experiments/21_msurface_diagnostic/command.sh,21_msurface_diagnostic,sh,86,2026-05-28T05:36:23+00:00,,included,
artifacts/external_review_pack/om_positive_method_pack_20260528_0536/experiments/21_msurface_diagnostic/config.json,21_msurface_diagnostic,json,991,2026-05-28T05:36:23+00:00,,included,
artifacts/external_review_pack/om_positive_method_pack_20260528_0536/experiments/21_msurface_diagnostic/decision.json,21_msurface_diagnostic,json,306,2026-05-28T05:36:23+00:00,,included,
artifacts/external_review_pack/om_positive_method_pack_20260528_0536/experiments/21_msurface_diagnostic/logs_tail.txt,21_msurface_diagnostic,txt,38,2026-05-28T05:36:23+00:00,,included,
artifacts/external_review_pack/om_positive_method_pack_20260528_0536/experiments/21_msurface_diagnostic/metrics.json,21_msurface_diagnostic,json,295,2026-05-28T05:36:23+00:00,,included,
artifacts/external_review_pack/om_positive_method_pack_20260528_0536/experiments/21_msurface_diagnostic/per_trace.csv,21_msurface_diagnostic,csv,2,2026-05-28T05:36:23+00:00,,included,
artifacts/external_review_pack/om_positive_method_pack_20260528_0536/experiments/21_msurface_diagnostic/source_files/decision.json,21_msurface_diagnostic,json,5383,2026-05-28T04:11:56+00:00,,included,
artifacts/external_review_pack/om_positive_method_pack_20260528_0536/experiments/21_msurface_diagnostic/source_files/hook_map.md,21_msurface_diagnostic,md,5818,2026-05-28T04:11:56+00:00,,included,
artifacts/external_review_pack/om_positive_method_pack_20260528_0536/experiments/21_msurface_diagnostic/source_files/surface_drift_table.csv,21_msurface_diagnostic,csv,2858,2026-05-28T04:11:56+00:00,,included,
artifacts/external_review_pack/om_positive_method_pack_20260528_0536/experiments/21_msurface_diagnostic/summary.md,21_msurface_diagnostic,md,747,2026-05-28T05:36:23+00:00,,included,
artifacts/external_review_pack/om_positive_method_pack_20260528_0536/experiments/22_mbranch_diagnostic/code_snippet.py,22_mbranch_diagnostic,py,114,2026-05-28T05:36:23+00:00,,included,
artifacts/external_review_pack/om_positive_method_pack_20260528_0536/experiments/22_mbranch_diagnostic/command.sh,22_mbranch_diagnostic,sh,86,2026-05-28T05:36:23+00:00,,included,
artifacts/external_review_pack/om_positive_method_pack_20260528_0536/experiments/22_mbranch_diagnostic/config.json,22_mbranch_diagnostic,json,952,2026-05-28T05:36:23+00:00,,included,
artifacts/external_review_pack/om_positive_method_pack_20260528_0536/experiments/22_mbranch_diagnostic/decision.json,22_mbranch_diagnostic,json,287,2026-05-28T05:36:23+00:00,,included,
artifacts/external_review_pack/om_positive_method_pack_20260528_0536/experiments/22_mbranch_diagnostic/logs_tail.txt,22_mbranch_diagnostic,txt,38,2026-05-28T05:36:23+00:00,,included,
artifacts/external_review_pack/om_positive_method_pack_20260528_0536/experiments/22_mbranch_diagnostic/metrics.json,22_mbranch_diagnostic,json,285,2026-05-28T05:36:23+00:00,,included,
artifacts/external_review_pack/om_positive_method_pack_20260528_0536/experiments/22_mbranch_diagnostic/per_trace.csv,22_mbranch_diagnostic,csv,2,2026-05-28T05:36:23+00:00,,included,
artifacts/external_review_pack/om_positive_method_pack_20260528_0536/experiments/22_mbranch_diagnostic/source_files/branch_drift_table.csv,22_mbranch_diagnostic,csv,1958,2026-05-28T04:13:18+00:00,,included,
artifacts/external_review_pack/om_positive_method_pack_20260528_0536/experiments/22_mbranch_diagnostic/source_files/decision.json,22_mbranch_diagnostic,json,3620,2026-05-28T04:13:18+00:00,,included,
artifacts/external_review_pack/om_positive_method_pack_20260528_0536/experiments/22_mbranch_diagnostic/source_files/hook_map.md,22_mbranch_diagnostic,md,4962,2026-05-28T04:13:18+00:00,,included,
artifacts/external_review_pack/om_positive_method_pack_20260528_0536/experiments/22_mbranch_diagnostic/summary.md,22_mbranch_diagnostic,md,714,2026-05-28T05:36:23+00:00,,included,
artifacts/external_review_pack/om_positive_method_pack_20260528_0536/experiments/23_restricted_kllook_if_present/code_snippet.py,23_restricted_kllook_if_present,py,124,2026-05-28T05:36:23+00:00,,included,
artifacts/external_review_pack/om_positive_method_pack_20260528_0536/experiments/23_restricted_kllook_if_present/command.sh,23_restricted_kllook_if_present,sh,86,2026-05-28T05:36:23+00:00,,included,
artifacts/external_review_pack/om_positive_method_pack_20260528_0536/experiments/23_restricted_kllook_if_present/config.json,23_restricted_kllook_if_present,json,746,2026-05-28T05:36:23+00:00,,included,
artifacts/external_review_pack/om_positive_method_pack_20260528_0536/experiments/23_restricted_kllook_if_present/decision.json,23_restricted_kllook_if_present,json,145,2026-05-28T05:36:23+00:00,,included,
artifacts/external_review_pack/om_positive_method_pack_20260528_0536/experiments/23_restricted_kllook_if_present/logs_tail.txt,23_restricted_kllook_if_present,txt,38,2026-05-28T05:36:23+00:00,,included,
artifacts/external_review_pack/om_positive_method_pack_20260528_0536/experiments/23_restricted_kllook_if_present/metrics.json,23_restricted_kllook_if_present,json,173,2026-05-28T05:36:23+00:00,,included,
artifacts/external_review_pack/om_positive_method_pack_20260528_0536/experiments/23_restricted_kllook_if_present/per_trace.csv,23_restricted_kllook_if_present,csv,2,2026-05-28T05:36:23+00:00,,included,
artifacts/external_review_pack/om_positive_method_pack_20260528_0536/experiments/23_restricted_kllook_if_present/summary.md,23_restricted_kllook_if_present,md,689,2026-05-28T05:36:23+00:00,,included,
experimental/outlier_migrate/phase9/results/om_phase9_mpred_granite_reduced_20260527T201251Z/protected_trajectories.json,17_mpred,omitted_large,17585641,,experimental/outlier_migrate/phase9/results/om_phase9_mpred_granite_reduced_20260527T201251Z/protected_trajectories.json,omitted,large raw tensor/logit/activation artifact omitted; compact summaries and per-trace metrics are included
